old_slug,new_slug,old_url,new_url,title
en-bitutokoin1500mo-yuan-tu-po-yu-ce-ji-guan-tou-zi-jia-nocan-ru-gasheng-mu-sheng-zhe-zong-qu-ri-nogou-zao-zhuan-huan,bitcoin-predicted-to-surpass-15-million,/en/en-bitutokoin1500mo-yuan-tu-po-yu-ce-ji-guan-tou-zi-jia-nocan-ru-gasheng-mu-sheng-zhe-zong-qu-ri-nogou-zao-zhuan-huan/,/en/bitcoin-predicted-to-surpass-15-million/,Bitcoin Predicted to Surpass ¥15 Million
en-denmakuzong-xuan-ju-nochong-ji-gurinrandofang-wei-gazhao-itayu-dang-beng-huai-tobei-ou-zhi-xu-nozai-bian,the-shock-of-the-danish-general-election-the-collapse-of,/en/en-denmakuzong-xuan-ju-nochong-ji-gurinrandofang-wei-gazhao-itayu-dang-beng-huai-tobei-ou-zhi-xu-nozai-bian/,/en/the-shock-of-the-danish-general-election-the-collapse-of/,The Shock of the Danish General Election — The Collapse of
en-gaza-ping-he-ping-yi-hui-guo-lian-chu-bao-gao-zheng-tong-xing-nakitong-zhi-gasheng-muzhong-dong-zhi-xu-nokong-bai,gaza-peace-council-first-un-report,/en/en-gaza-ping-he-ping-yi-hui-guo-lian-chu-bao-gao-zheng-tong-xing-nakitong-zhi-gasheng-muzhong-dong-zhi-xu-nokong-bai/,/en/gaza-peace-council-first-un-report/,"Gaza ""Peace Council"" - First UN Report"
en-nan-sinahai-nomi-zhong-jun-shi-dui-zhi-dui-li-noluo-xuan-gaou-fa-chong-tu-risukuwolin-jie-dian-heya-sishang-gerugou-zao,us-china-military-standoff-in-the-south-china,/en/en-nan-sinahai-nomi-zhong-jun-shi-dui-zhi-dui-li-noluo-xuan-gaou-fa-chong-tu-risukuwolin-jie-dian-heya-sishang-gerugou-zao/,/en/us-china-military-standoff-in-the-south-china/,US-China Military Standoff in the South China
en-bei-zhao-xian-misairuzai-kai-dui-li-noluo-xuan-gapo-ruri-ben-fang-wei-ti-zhi-nogou-zao-zhuan-huan,north-korea-resumes-missile-launches-spiral-of,/en/en-bei-zhao-xian-misairuzai-kai-dui-li-noluo-xuan-gapo-ruri-ben-fang-wei-ti-zhi-nogou-zao-zhuan-huan/,/en/north-korea-resumes-missile-launches-spiral-of/,North Korea Resumes Missile Launches — Spiral of
en-nan-sinahai-nomi-zhong-jun-shi-dui-zhi-dui-li-noluo-xuan-gaou-fa-chong-tu-noyu-zhi-woxia-gerugou-zao-4,us-china-military-standoff-in-the-south-china-sea,/en/en-nan-sinahai-nomi-zhong-jun-shi-dui-zhi-dui-li-noluo-xuan-gaou-fa-chong-tu-noyu-zhi-woxia-gerugou-zao-4/,/en/us-china-military-standoff-in-the-south-china-sea/,US-China Military Standoff in the South China Sea
en-ri-ben-defigui-zhi-fa-an-gui-zhi-nobu-huo-gaan-hao-zi-chan-shi-chang-nogou-zao-wobian-eru,japans-defi-regulation-bill-regulatory-capture-to,/en/en-ri-ben-defigui-zhi-fa-an-gui-zhi-nobu-huo-gaan-hao-zi-chan-shi-chang-nogou-zao-wobian-eru/,/en/japans-defi-regulation-bill-regulatory-capture-to/,"Japan's DeFi Regulation Bill — ""Regulatory Capture"" to"
en-bitutokoin1000mo-yuan-tu-po-he-ji-guan-maneliu-ru-gabian-eruan-hao-zi-chan-nogou-zao-de-di-wei,bitcoin-poised-to-surpass-10-million,/en/en-bitutokoin1000mo-yuan-tu-po-he-ji-guan-maneliu-ru-gabian-eruan-hao-zi-chan-nogou-zao-de-di-wei/,/en/bitcoin-poised-to-surpass-10-million/,Bitcoin Poised to Surpass ¥10 Million
en-frbli-xia-gedong-jie-noshen-ceng-zhong-dong-risukutoinhurezai-ran-gafu-rujin-rong-zheng-ce-nojing-lu-yi-cun,the-deeper-meaning-behind-the-feds,/en/en-frbli-xia-gedong-jie-noshen-ceng-zhong-dong-risukutoinhurezai-ran-gafu-rujin-rong-zheng-ce-nojing-lu-yi-cun/,/en/the-deeper-meaning-behind-the-feds/,The Deeper Meaning Behind the Fed's
en-ri-ben-defigui-zhi-qiang-hua-jin-rong-ting-no-bu-huo-gaan-hao-zi-chan-inobesiyonwozhi-xi-saserugou-zao,japan-strengthens-defi-regulations-fsas,/en/en-ri-ben-defigui-zhi-qiang-hua-jin-rong-ting-no-bu-huo-gaan-hao-zi-chan-inobesiyonwozhi-xi-saserugou-zao/,/en/japan-strengthens-defi-regulations-fsas/,Japan Strengthens DeFi Regulations — FSA's
en-bitutokoin1000mo-yuan-tu-po-nogou-zao-ji-guan-tou-zi-jia-nocan-ru-gabian-eruan-hao-zi-chan-nodi-que-bian-dong,the-structure-behind-bitcoin-surpassing-10-million,/en/en-bitutokoin1000mo-yuan-tu-po-nogou-zao-ji-guan-tou-zi-jia-nocan-ru-gabian-eruan-hao-zi-chan-nodi-que-bian-dong/,/en/the-structure-behind-bitcoin-surpassing-10-million/,The Structure Behind Bitcoin Surpassing 10 Million
en-euhao-zhou-ftatuo-jie-toranpuguan-shui-gajia-su-saseta-tuo-mi-yi-cun-mao-yi-zai-bian-nogou-zao,eu-australia-fta-concluded-the-structure-of,/en/en-euhao-zhou-ftatuo-jie-toranpuguan-shui-gajia-su-saseta-tuo-mi-yi-cun-mao-yi-zai-bian-nogou-zao/,/en/eu-australia-fta-concluded-the-structure-of/,"EU-Australia FTA Concluded — The Structure of """
en-tai-wan-hai-xia-nojun-shi-jin-zhang-dui-li-noluo-xuan-gari-mi-tong-meng-nogou-zao-de-bian-rong-wopo-ru,military-tensions-in-the-taiwan-strait-a-spiral-of-confront,/en/en-tai-wan-hai-xia-nojun-shi-jin-zhang-dui-li-noluo-xuan-gari-mi-tong-meng-nogou-zao-de-bian-rong-wopo-ru/,/en/military-tensions-in-the-taiwan-strait-a-spiral-of-confront/,Military Tensions in the Taiwan Strait — A Spiral of Confront
en-gaza-ping-he-ping-yi-hui-guo-lian-chu-bao-gao-zheng-tong-xing-nakitong-zhi-gou-zao-gasheng-muzhong-dong-zhi-xu-nokong-bai,uns-first-report-on-gazas-peace,/en/en-gaza-ping-he-ping-yi-hui-guo-lian-chu-bao-gao-zheng-tong-xing-nakitong-zhi-gou-zao-gasheng-muzhong-dong-zhi-xu-nokong-bai/,/en/uns-first-report-on-gazas-peace/,"UN's First Report on Gaza's ""Peace"
en-tai-wan-hai-xia-nojun-shi-jin-zhang-ri-ben-gapo-rareru-guan-yu-kabang-guan-ka-nogou-zao-de-xuan-ze,military-tensions-in-the-taiwan-strait-japan-faces-the-structural,/en/en-tai-wan-hai-xia-nojun-shi-jin-zhang-ri-ben-gapo-rareru-guan-yu-kabang-guan-ka-nogou-zao-de-xuan-ze/,/en/military-tensions-in-the-taiwan-strait-japan-faces-the-structural/,Military Tensions in the Taiwan Strait: Japan Faces the Structural
en-bei-zhao-xian-misairulian-she-tori-ben-fang-wei-nogou-zao-de-xian-jie-dui-li-noluo-xuan-gabao-kuyi-zhi-li-nokong-bai,north-koreas-missile-barrage-and-the-structural-limits-of,/en/en-bei-zhao-xian-misairulian-she-tori-ben-fang-wei-nogou-zao-de-xian-jie-dui-li-noluo-xuan-gabao-kuyi-zhi-li-nokong-bai/,/en/north-koreas-missile-barrage-and-the-structural-limits-of/,North Korea's Missile Barrage and the Structural Limits of
en-frbzheng-ce-jin-li-ju-ezhi-ki-iranwei-ji-gali-xia-gejing-lu-wofeng-zirugou-zao-de-zirenma,fed-holds-policy-rate-steady-iran-crisis-creates,/en/en-frbzheng-ce-jin-li-ju-ezhi-ki-iranwei-ji-gali-xia-gejing-lu-wofeng-zirugou-zao-de-zirenma/,/en/fed-holds-policy-rate-steady-iran-crisis-creates/,Fed Holds Policy Rate Steady — Iran Crisis Creates
en-frbli-xia-gedong-jie-noshen-ceng-zhong-dong-risukutoinhurezai-ran-gamiao-kujin-rong-zheng-ce-nojing-lu-yi-cun,the-deeper-meaning-behind-the-feds-rate-cut-freeze,/en/en-frbli-xia-gedong-jie-noshen-ceng-zhong-dong-risukutoinhurezai-ran-gamiao-kujin-rong-zheng-ce-nojing-lu-yi-cun/,/en/the-deeper-meaning-behind-the-feds-rate-cut-freeze/,The Deeper Meaning Behind the Fed's Rate Cut Freeze
en-nan-sinahai-nomi-zhong-jun-shi-yan-xi-tong-shi-shi-shi-dui-li-noluo-xuan-gaou-fa-chong-tu-nolin-jie-dian-woya-sishang-geru-2,us-china-military-drills-held-simultaneously-in-south-china,/en/en-nan-sinahai-nomi-zhong-jun-shi-yan-xi-tong-shi-shi-shi-dui-li-noluo-xuan-gaou-fa-chong-tu-nolin-jie-dian-woya-sishang-geru-2/,/en/us-china-military-drills-held-simultaneously-in-south-china/,US-China Military Drills Held Simultaneously in South China
en-bitutokoin500mo-yuan-tu-po-yu-ce-ji-guan-tou-zi-jia-can-ru-gabian-eruan-hao-zi-chan-nogou-zao-de-di-wei,bitcoin-predicted-to-break-5-million-how-institutional-investor,/en/en-bitutokoin500mo-yuan-tu-po-yu-ce-ji-guan-tou-zi-jia-can-ru-gabian-eruan-hao-zi-chan-nogou-zao-de-di-wei/,/en/bitcoin-predicted-to-break-5-million-how-institutional-investor/,Bitcoin Predicted to Break ¥5 Million — How Institutional Investor
en-nan-sinahai-mi-zhong-jun-shi-yan-xi-noji-hua-dui-li-noluo-xuan-gari-ben-nofang-wei-gou-zao-wogen-di-karabian-eru,escalation-of-us-china-military-drills-in,/en/en-nan-sinahai-mi-zhong-jun-shi-yan-xi-noji-hua-dui-li-noluo-xuan-gari-ben-nofang-wei-gou-zao-wogen-di-karabian-eru/,/en/escalation-of-us-china-military-drills-in/,Escalation of US-China Military Drills in
en-bei-zhao-xian-misairushi-yan-zai-kai-dui-li-noluo-xuan-gari-ben-noan-quan-bao-zhang-ti-zhi-wogen-di-karabian-eru,north-korea-resumes-missile-tests-spiral-of,/en/en-bei-zhao-xian-misairushi-yan-zai-kai-dui-li-noluo-xuan-gari-ben-noan-quan-bao-zhang-ti-zhi-wogen-di-karabian-eru/,/en/north-korea-resumes-missile-tests-spiral-of/,North Korea Resumes Missile Tests — Spiral of
en-ri-ben-defigui-zhi-fa-an-gui-zhi-nobu-huo-gaan-hao-zi-chan-ekosisutemuwozai-bian-surugou-zao-zhuan-huan-dian,japan-defi-regulation-bill-regulatory-capture-as-a,/en/en-ri-ben-defigui-zhi-fa-an-gui-zhi-nobu-huo-gaan-hao-zi-chan-ekosisutemuwozai-bian-surugou-zao-zhuan-huan-dian/,/en/japan-defi-regulation-bill-regulatory-capture-as-a/,"Japan DeFi Regulation Bill — ""Regulatory Capture"" as a"
en-tai-wan-hai-xia-shi-dan-yan-xi-dui-li-noluo-xuan-gazhao-ku-xin-chang-tai-nowei-xian-najun-heng,taiwan-strait-live-fire-exercises-the-dangerous-equilibrium-of,/en/en-tai-wan-hai-xia-shi-dan-yan-xi-dui-li-noluo-xuan-gazhao-ku-xin-chang-tai-nowei-xian-najun-heng/,/en/taiwan-strait-live-fire-exercises-the-dangerous-equilibrium-of/,Taiwan Strait Live-Fire Exercises — The Dangerous Equilibrium of
en-tai-wan-tong-yi-qi-xian-2026nian-dui-li-noluo-xuan-gamiao-kudong-aziawei-ji-nogou-zao,2026-deadline-for-taiwan-unification-the,/en/en-tai-wan-tong-yi-qi-xian-2026nian-dui-li-noluo-xuan-gamiao-kudong-aziawei-ji-nogou-zao/,/en/2026-deadline-for-taiwan-unification-the/,2026: Deadline for Taiwan Unification — The
en-tai-wan-tong-yi-qi-xian-2026nian-mo-quan-li-noguo-shen-zhan-gayin-kiqi-kosudui-li-noluo-xuan,taiwan-unification-deadline-end-of-2026,/en/en-tai-wan-tong-yi-qi-xian-2026nian-mo-quan-li-noguo-shen-zhan-gayin-kiqi-kosudui-li-noluo-xuan/,/en/taiwan-unification-deadline-end-of-2026/,Taiwan Unification Deadline: End of 2026
en-bei-zhao-xian-misairuzai-kai-dui-li-noluo-xuan-gamiao-kudong-aziaan-bao-nogou-zao-zhuan-huan,north-korea-resumes-missile-launches-a-spiral,/en/en-bei-zhao-xian-misairuzai-kai-dui-li-noluo-xuan-gamiao-kudong-aziaan-bao-nogou-zao-zhuan-huan/,/en/north-korea-resumes-missile-launches-a-spiral/,North Korea Resumes Missile Launches — A Spiral
en-tai-wan-tong-yi-qi-xian-2026nian-mo-dui-li-noluo-xuan-gasheng-mu-jue-duan-nochuang-todong-aziazhi-xu-nogou-zao-zhuan-huan,taiwan-unification-deadline-end-of-202,/en/en-tai-wan-tong-yi-qi-xian-2026nian-mo-dui-li-noluo-xuan-gasheng-mu-jue-duan-nochuang-todong-aziazhi-xu-nogou-zao-zhuan-huan/,/en/taiwan-unification-deadline-end-of-202/,Taiwan Unification Deadline: End of 202
en-nan-sinahai-mi-zhong-jun-shi-yan-xi-notong-shi-shi-shi-dui-li-noluo-xuan-gaou-fa-chong-tu-noyu-zhi-woxia-gerugou-zao,simultaneous-us-china-military-exercises-in-the-south-china-sea,/en/en-nan-sinahai-mi-zhong-jun-shi-yan-xi-notong-shi-shi-shi-dui-li-noluo-xuan-gaou-fa-chong-tu-noyu-zhi-woxia-gerugou-zao/,/en/simultaneous-us-china-military-exercises-in-the-south-china-sea/,Simultaneous US-China Military Exercises in the South China Sea
en-ri-mi-shou-noy-hui-tan-toiranwei-ji-tong-meng-no-zhong-cheng-shi-yan-gari-ben-wai-jiao-nozi-lu-xing-woqin-shi-surugou-zao,japan-us-summit-and-the-iran-crisis,/en/en-ri-mi-shou-noy-hui-tan-toiranwei-ji-tong-meng-no-zhong-cheng-shi-yan-gari-ben-wai-jiao-nozi-lu-xing-woqin-shi-surugou-zao/,/en/japan-us-summit-and-the-iran-crisis/,Japan-U.S. Summit and the Iran Crisis —
en-nan-sinahai-nomi-zhong-dui-li-dui-li-noluo-xuan-gaou-fa-de-chong-tu-noyu-zhi-woxia-gerugou-zao,us-china-confrontation-in-the-south-china-sea,/en/en-nan-sinahai-nomi-zhong-dui-li-dui-li-noluo-xuan-gaou-fa-de-chong-tu-noyu-zhi-woxia-gerugou-zao/,/en/us-china-confrontation-in-the-south-china-sea/,US-China Confrontation in the South China Sea
en-ri-ben-nofang-wei-fei-gdpbi-3-tu-po-zhan-hou-an-bao-ti-zhi-nobu-ke-ni-de-gou-zao-zhuan-huan,japans-defense-spending-exceeds,/en/en-ri-ben-nofang-wei-fei-gdpbi-3-tu-po-zhan-hou-an-bao-ti-zhi-nobu-ke-ni-de-gou-zao-zhuan-huan/,/en/japans-defense-spending-exceeds/,Japan's Defense Spending Exceeds
en-horumuzuhai-xia-wei-ji-mi-iran-dui-li-noluo-xuan-gazhong-dong-enerugizhi-xu-woyao-rugasu,strait-of-hormuz-crisis-us-iran,/en/en-horumuzuhai-xia-wei-ji-mi-iran-dui-li-noluo-xuan-gazhong-dong-enerugizhi-xu-woyao-rugasu/,/en/strait-of-hormuz-crisis-us-iran/,"Strait of Hormuz Crisis — US-Iran """
en-ri-ben-nohorumuzuhai-xia-jian-chuan-pai-qian-tong-meng-nogui-lie-ka-xin-tanaan-quan-bao-zhang-akitekutiyanotai-dong-ka,japans-warship-dispatch-to-the-strait,/en/en-ri-ben-nohorumuzuhai-xia-jian-chuan-pai-qian-tong-meng-nogui-lie-ka-xin-tanaan-quan-bao-zhang-akitekutiyanotai-dong-ka/,/en/japans-warship-dispatch-to-the-strait/,Japan's Warship Dispatch to the Strait
en-ri-mi-shou-noy-hui-tan-toiranwei-ji-tong-meng-nogui-lie-gashi-suri-ben-wai-jiao-nozi-lu-xing,us-japan-summit-and-the-iran-crisis-alliance,/en/en-ri-mi-shou-noy-hui-tan-toiranwei-ji-tong-meng-nogui-lie-gashi-suri-ben-wai-jiao-nozi-lu-xing/,/en/us-japan-summit-and-the-iran-crisis-alliance/,US-Japan Summit and the Iran Crisis — Alliance
en-tai-wan-tong-yi-qi-xian-2026nian-dui-li-noluo-xuan-galin-jie-dian-nida-surutoki,taiwan-unification-deadline-2026,/en/en-tai-wan-tong-yi-qi-xian-2026nian-dui-li-noluo-xuan-galin-jie-dian-nida-surutoki/,/en/taiwan-unification-deadline-2026/,Taiwan Unification Deadline: 2026 —
en-iranenerugishi-she-gong-ji-zhong-dong-dui-li-noluo-xuan-gashi-jie-gong-gei-wang-woduan-lie-saserugou-zao,attack-on-iranian-energy-facilities-middle-east,/en/en-iranenerugishi-she-gong-ji-zhong-dong-dui-li-noluo-xuan-gashi-jie-gong-gei-wang-woduan-lie-saserugou-zao/,/en/attack-on-iranian-energy-facilities-middle-east/,Attack on Iranian Energy Facilities — Middle East'
en-nan-sinahai-nomi-zhong-jun-shi-dui-zhi-dui-li-noluo-xuan-gaou-fa-chong-tu-noyu-zhi-woxia-gerugou-zao-3,us-china-military-standoff-in-the-south,/en/en-nan-sinahai-nomi-zhong-jun-shi-dui-zhi-dui-li-noluo-xuan-gaou-fa-chong-tu-noyu-zhi-woxia-gerugou-zao-3/,/en/us-china-military-standoff-in-the-south/,US-China Military Standoff in the South
en-ri-ben-nofang-wei-fei-gdpbi-3-tu-po-zhan-hou-an-bao-ti-zhi-nobu-ke-ni-de-zhuan-huan-dian,japans-defense-spending-surpasses-3-of-gdp,/en/en-ri-ben-nofang-wei-fei-gdpbi-3-tu-po-zhan-hou-an-bao-ti-zhi-nobu-ke-ni-de-zhuan-huan-dian/,/en/japans-defense-spending-surpasses-3-of-gdp/,Japan's Defense Spending Surpasses 3% of GDP
en-horumuzuhai-xia-wei-ji-mi-iran-dui-li-noluo-xuan-gaenerugizhi-xu-woyao-rugasu,strait-of-hormuz-crisis-us-iran-2,/en/en-horumuzuhai-xia-wei-ji-mi-iran-dui-li-noluo-xuan-gaenerugizhi-xu-woyao-rugasu/,/en/strait-of-hormuz-crisis-us-iran-2/,Strait of Hormuz Crisis — US-Iran
en-tai-wan-zong-tong-xuan-tozhong-guo-nojing-ji-zhi-cai-jing-ji-de-wei-ya-gamin-zhu-xuan-ju-wowai-merugou-zao-patan,taiwan-presidential-election-and-chinas-economic-san,/en/en-tai-wan-zong-tong-xuan-tozhong-guo-nojing-ji-zhi-cai-jing-ji-de-wei-ya-gamin-zhu-xuan-ju-wowai-merugou-zao-patan/,/en/taiwan-presidential-election-and-chinas-economic-san/,Taiwan Presidential Election and China's Economic San
en-rosiaxin-bing-qi-tou-ru-toukurainazhan-zheng-chang-qi-hua-bei-dong-aziaan-quan-bao-zhang-woyao-rugasudui-li-noluo-xuan,russias-deployment-of-new-weapons-and-the-prolong,/en/en-rosiaxin-bing-qi-tou-ru-toukurainazhan-zheng-chang-qi-hua-bei-dong-aziaan-quan-bao-zhang-woyao-rugasudui-li-noluo-xuan/,/en/russias-deployment-of-new-weapons-and-the-prolong/,Russia's Deployment of New Weapons and the Prolong
en-nan-sinahai-mi-zhong-tong-shi-jun-shi-yan-xi-dui-li-noluo-xuan-gaou-fa-chong-tu-nolin-jie-dian-woya-sishang-geru-2,south-china-sea-simultaneous-us-china-military,/en/en-nan-sinahai-mi-zhong-tong-shi-jun-shi-yan-xi-dui-li-noluo-xuan-gaou-fa-chong-tu-nolin-jie-dian-woya-sishang-geru-2/,/en/south-china-sea-simultaneous-us-china-military/,South China Sea: Simultaneous US-China Military
en-ri-ben-arutokoingui-zhi-qiang-hua-gui-zhi-nobu-huo-gashi-chang-wozhi-xi-saserumekanizumu,japans-stricter-altcoin-regulations,/en/en-ri-ben-arutokoingui-zhi-qiang-hua-gui-zhi-nobu-huo-gashi-chang-wozhi-xi-saserumekanizumu/,/en/japans-stricter-altcoin-regulations/,Japan's Stricter Altcoin Regulations
en-isariamutodefiji-cheng-chang-gui-zhi-toshi-chang-nogou-zao-de-gang-yin-kigajue-meru80mo-yuan-nobi,ethereum-and-defi-boom-the-800,/en/en-isariamutodefiji-cheng-chang-gui-zhi-toshi-chang-nogou-zao-de-gang-yin-kigajue-meru80mo-yuan-nobi/,/en/ethereum-and-defi-boom-the-800/,Ethereum and DeFi Boom — The ¥800
en-bitutokoin1500mo-yuan-tu-po-yu-ce-ji-guan-tou-zi-jia-nocan-ru-gabian-eruan-hao-zi-chan-nogou-zao-de-di-wei,bitcoin-predicted-to-break-15-million-how-institutional,/en/en-bitutokoin1500mo-yuan-tu-po-yu-ce-ji-guan-tou-zi-jia-nocan-ru-gabian-eruan-hao-zi-chan-nogou-zao-de-di-wei/,/en/bitcoin-predicted-to-break-15-million-how-institutional/,Bitcoin Predicted to Break ¥15 Million — How Institutional
en-nan-sinahai-nomi-zhong-jun-shi-jin-zhang-dui-li-noluo-xuan-gaou-fa-chong-tu-noyu-zhi-woxia-gerugou-zao-4,us-china-military-tensions-in-the-south-china,/en/en-nan-sinahai-nomi-zhong-jun-shi-jin-zhang-dui-li-noluo-xuan-gaou-fa-chong-tu-noyu-zhi-woxia-gerugou-zao-4/,/en/us-china-military-tensions-in-the-south-china/,U.S.-China Military Tensions in the South China
en-zi-wei-dui-hai-wai-pai-qian-kuo-da-fa-an-zhan-hou-an-bao-ti-zhi-nogou-zao-zhuan-huan-gashi-maru-2,bill-to-expand-sdf-overseas-deployments-structural-transformation-of,/en/en-zi-wei-dui-hai-wai-pai-qian-kuo-da-fa-an-zhan-hou-an-bao-ti-zhi-nogou-zao-zhuan-huan-gashi-maru-2/,/en/bill-to-expand-sdf-overseas-deployments-structural-transformation-of/,Bill to Expand SDF Overseas Deployments — Structural Transformation of
en-ri-mi-fang-wei-dian-hua-hui-tan-horumuzuhai-xia-wei-ji-gazhi-richu-sutong-meng-nogou-zao-de-shi-lian-3,japan-us-defense-phone-talks-strait-of,/en/en-ri-mi-fang-wei-dian-hua-hui-tan-horumuzuhai-xia-wei-ji-gazhi-richu-sutong-meng-nogou-zao-de-shi-lian-3/,/en/japan-us-defense-phone-talks-strait-of/,Japan-U.S. Defense Phone Talks — Strait of
en-nan-sinahai-nomi-zhong-jun-shi-dui-zhi-dui-li-noluo-xuan-gaou-fa-chong-tu-noyu-zhi-woxia-gerugou-zao-2,us-china-military-standoff-in-the-south-china-sea-2,/en/en-nan-sinahai-nomi-zhong-jun-shi-dui-zhi-dui-li-noluo-xuan-gaou-fa-chong-tu-noyu-zhi-woxia-gerugou-zao-2/,/en/us-china-military-standoff-in-the-south-china-sea-2/,US-China Military Standoff in the South China Sea
en-tai-wan-hai-xia-nojun-shi-ya-li-dui-li-noluo-xuan-gazhao-kugou-zao-de-esukaresiyonnolin-jie-dian,military-pressure-in-the-taiwan-strait-the-critical-point-of,/en/en-tai-wan-hai-xia-nojun-shi-ya-li-dui-li-noluo-xuan-gazhao-kugou-zao-de-esukaresiyonnolin-jie-dian/,/en/military-pressure-in-the-taiwan-strait-the-critical-point-of/,Military Pressure in the Taiwan Strait — The Critical Point of
en-zi-wei-dui-hai-wai-pai-qian-kuo-da-fa-an-zhan-hou-an-bao-ti-zhi-nogou-zao-zhuan-huan-gashi-maru,bill-to-expand-sdf-overseas-deployments-structural-transformation-of-2,/en/en-zi-wei-dui-hai-wai-pai-qian-kuo-da-fa-an-zhan-hou-an-bao-ti-zhi-nogou-zao-zhuan-huan-gashi-maru/,/en/bill-to-expand-sdf-overseas-deployments-structural-transformation-of-2/,Bill to Expand SDF Overseas Deployments — Structural Transformation of
en-toranpu-orubanlian-dai-quan-wei-zhu-yi-netutowakugaeumin-zhu-zhu-yi-woshi-sufen-shui-ling,trump-orbán-solidarity-an-authoritarian-network-tests-eu,/en/en-toranpu-orubanlian-dai-quan-wei-zhu-yi-netutowakugaeumin-zhu-zhu-yi-woshi-sufen-shui-ling/,/en/trump-orbán-solidarity-an-authoritarian-network-tests-eu/,Trump-Orbán Solidarity — An Authoritarian Network Tests EU
en-ri-mi-fang-wei-shou-noy-noiranwei-ji-xie-yi-horumuzuhai-xia-womegurutong-meng-diao-zheng-nogou-zao-li-xue,japan-us-defense-chiefs-discuss-iran-crisis,/en/en-ri-mi-fang-wei-shou-noy-noiranwei-ji-xie-yi-horumuzuhai-xia-womegurutong-meng-diao-zheng-nogou-zao-li-xue/,/en/japan-us-defense-chiefs-discuss-iran-crisis/,Japan-US Defense Chiefs Discuss Iran Crisis —
en-nan-sinahai-nomi-zhong-jun-shi-dui-zhi-dui-li-noluo-xuan-gazhi-yu-bu-neng-nijin-dukugou-zao-de-li-you,us-china-military-standoff-in-the,/en/en-nan-sinahai-nomi-zhong-jun-shi-dui-zhi-dui-li-noluo-xuan-gazhi-yu-bu-neng-nijin-dukugou-zao-de-li-you/,/en/us-china-military-standoff-in-the/,US-China Military Standoff in the
en-tai-wan-hai-xia-nojun-shi-jin-zhang-dui-li-noluo-xuan-gari-mi-tong-meng-nogou-zao-zhuan-huan-wopo-ru,military-tensions-in-the-taiwan-strait-a-spiral,/en/en-tai-wan-hai-xia-nojun-shi-jin-zhang-dui-li-noluo-xuan-gari-mi-tong-meng-nogou-zao-zhuan-huan-wopo-ru/,/en/military-tensions-in-the-taiwan-strait-a-spiral/,Military Tensions in the Taiwan Strait — A Spiral
en-bei-zhao-xian-xin-xing-misairushi-yan-cheng-gong-ri-ben-noan-bao-paradaimuzhuan-huan-wojia-su-saserudui-li-noluo-xuan,north-koreas-new-missile-test-success,/en/en-bei-zhao-xian-xin-xing-misairushi-yan-cheng-gong-ri-ben-noan-bao-paradaimuzhuan-huan-wojia-su-saserudui-li-noluo-xuan/,/en/north-koreas-new-missile-test-success/,North Korea's New Missile Test Success —
en-tai-wan-tong-yi-qi-xian-2026nian-dui-li-noluo-xuan-gasheng-mu-hui-se-di-dai-chong-tu-risukunogou-zao-fen-xi,2026-taiwan-unification-deadline-structural,/en/en-tai-wan-tong-yi-qi-xian-2026nian-dui-li-noluo-xuan-gasheng-mu-hui-se-di-dai-chong-tu-risukunogou-zao-fen-xi/,/en/2026-taiwan-unification-deadline-structural/,2026: Taiwan Unification Deadline — Structural
en-ri-ben-noyu-suan-shen-yi-jiao-zhao-shao-shu-yu-dang-galu-cheng-saseru-xie-diao-noshi-bai-tozhi-du-pi-lao,japans-budget-deliberation-deadlock-minority,/en/en-ri-ben-noyu-suan-shen-yi-jiao-zhao-shao-shu-yu-dang-galu-cheng-saseru-xie-diao-noshi-bai-tozhi-du-pi-lao/,/en/japans-budget-deliberation-deadlock-minority/,Japan's Budget Deliberation Deadlock — Minority
en-zi-wei-dui-hai-wai-pai-qian-nokuo-da-zhan-hou-an-bao-ti-zhi-nogou-zao-zhuan-huan-gashi-maru,expansion-of-sdf-overseas-deployments-structural-transformation,/en/en-zi-wei-dui-hai-wai-pai-qian-nokuo-da-zhan-hou-an-bao-ti-zhi-nogou-zao-zhuan-huan-gashi-maru/,/en/expansion-of-sdf-overseas-deployments-structural-transformation/,Expansion of SDF Overseas Deployments ― Structural Transformation
en-nan-sinahai-nomi-zhong-jun-shi-jin-zhang-dui-li-noluo-xuan-gaou-fa-chong-tu-nolin-jie-dian-woya-sishang-geru,us-china-military-tensions-in-the-south-china-sea,/en/en-nan-sinahai-nomi-zhong-jun-shi-jin-zhang-dui-li-noluo-xuan-gaou-fa-chong-tu-nolin-jie-dian-woya-sishang-geru/,/en/us-china-military-tensions-in-the-south-china-sea/,US-China Military Tensions in the South China Sea
en-tai-wan-tong-yi-qi-xian-2026nian-dui-li-noluo-xuan-gayin-kiji-seru-hui-se-nosai,2026-the-deadline-for-taiwan,/en/en-tai-wan-tong-yi-qi-xian-2026nian-dui-li-noluo-xuan-gayin-kiji-seru-hui-se-nosai/,/en/2026-the-deadline-for-taiwan/,2026: The Deadline for Taiwan'
en-ri-ben-noyu-suan-shen-yi-jiao-zhao-shao-shu-yu-dang-shi-dai-no-xie-diao-noshi-bai-gazhi-du-woshi-mu,japans-budget-deliberation-deadlock-failure,/en/en-ri-ben-noyu-suan-shen-yi-jiao-zhao-shao-shu-yu-dang-shi-dai-no-xie-diao-noshi-bai-gazhi-du-woshi-mu/,/en/japans-budget-deliberation-deadlock-failure/,"Japan's Budget Deliberation Deadlock — ""Failure"
en-mi-iranjun-shi-chong-tu-po-huai-wan-liao-xuan-yan-tobao-fu-noluo-xuan-gashi-suzhong-dong-zhi-xu-nobeng-huai-dian,us-iran-military-conflict-destruction-complete,/en/en-mi-iranjun-shi-chong-tu-po-huai-wan-liao-xuan-yan-tobao-fu-noluo-xuan-gashi-suzhong-dong-zhi-xu-nobeng-huai-dian/,/en/us-iran-military-conflict-destruction-complete/,"US-Iran Military Conflict — ""Destruction Complete"""
en-toranpu-orubanlian-dai-fei-riberarutong-meng-gayao-rugasueunozheng-tong-xing,trump-orbán-solidarity-illiberal-alliance,/en/en-toranpu-orubanlian-dai-fei-riberarutong-meng-gayao-rugasueunozheng-tong-xing/,/en/trump-orbán-solidarity-illiberal-alliance/,"Trump-Orbán Solidarity — ""Illiberal Alliance"""
en-odashi-shi-ti-zhi-gai-ge-jing-ji-an-quan-bao-zhang-shi-dai-noyuan-zhu-zhan-lue-gawen-uri-ben-wai-jiao-nogou-zao-zhuan-huan,reform-of-the-oda-implementation-system-aid,/en/en-odashi-shi-ti-zhi-gai-ge-jing-ji-an-quan-bao-zhang-shi-dai-noyuan-zhu-zhan-lue-gawen-uri-ben-wai-jiao-nogou-zao-zhuan-huan/,/en/reform-of-the-oda-implementation-system-aid/,Reform of the ODA Implementation System — Aid
en-tai-wan-hai-xia-wei-ji-2026-dui-li-noluo-xuan-gashi-suzhan-hou-zhi-xu-noxian-jie-dian,taiwan-strait-crisis-2026-a-spiral-of,/en/en-tai-wan-hai-xia-wei-ji-2026-dui-li-noluo-xuan-gashi-suzhan-hou-zhi-xu-noxian-jie-dian/,/en/taiwan-strait-crisis-2026-a-spiral-of/,Taiwan Strait Crisis 2026 — A Spiral of
en-tai-wan-hai-xia-wei-ji-tori-mi-tong-meng-qiang-hua-dui-li-noluo-xuan-gayin-kiji-serugou-zao-de-zhuan-huan-dian,taiwan-strait-crisis-and-the-strengthening-of-the-japan-u,/en/en-tai-wan-hai-xia-wei-ji-tori-mi-tong-meng-qiang-hua-dui-li-noluo-xuan-gayin-kiji-serugou-zao-de-zhuan-huan-dian/,/en/taiwan-strait-crisis-and-the-strengthening-of-the-japan-u/,Taiwan Strait Crisis and the Strengthening of the Japan-U
en-ri-ben-nodui-rozhi-cai-qiang-hua-toenerugian-quan-bao-zhang-jing-lu-yi-cun-gasheng-mugou-zao-de-zirenma,japans-stricter-sanctions-on-russia,/en/en-ri-ben-nodui-rozhi-cai-qiang-hua-toenerugian-quan-bao-zhang-jing-lu-yi-cun-gasheng-mugou-zao-de-zirenma/,/en/japans-stricter-sanctions-on-russia/,Japan's Stricter Sanctions on Russia
en-nan-sinahai-nomi-zhong-jun-shi-yan-xi-tong-shi-shi-shi-dui-li-noluo-xuan-gaou-fa-chong-tu-nolin-jie-dian-woya-sishang-geru,simultaneous-us-china-military-drills-in-south-china-sea,/en/en-nan-sinahai-nomi-zhong-jun-shi-yan-xi-tong-shi-shi-shi-dui-li-noluo-xuan-gaou-fa-chong-tu-nolin-jie-dian-woya-sishang-geru/,/en/simultaneous-us-china-military-drills-in-south-china-sea/,Simultaneous US-China Military Drills in South China Sea
en-nan-sinahai-mi-zhong-jun-shi-yan-xi-noji-hua-dui-li-noluo-xuan-gazhi-yu-bu-neng-nijin-dukugou-zao-de-li-you,escalation-of-us-china-military-exercises-in-the-south,/en/en-nan-sinahai-mi-zhong-jun-shi-yan-xi-noji-hua-dui-li-noluo-xuan-gazhi-yu-bu-neng-nijin-dukugou-zao-de-li-you/,/en/escalation-of-us-china-military-exercises-in-the-south/,Escalation of US-China Military Exercises in the South
en-bitutokoin1500mo-yuan-tu-po-yu-ce-ji-guan-tou-zi-jia-nocan-ru-gabian-eruan-hao-zi-chan-shi-chang-nogou-zao,bitcoin-predicted-to-break-15-million-how-institutional-2,/en/en-bitutokoin1500mo-yuan-tu-po-yu-ce-ji-guan-tou-zi-jia-nocan-ru-gabian-eruan-hao-zi-chan-shi-chang-nogou-zao/,/en/bitcoin-predicted-to-break-15-million-how-institutional-2/,Bitcoin Predicted to Break ¥15 Million — How Institutional
en-nan-sinahai-mi-zhong-tong-shi-jun-shi-yan-xi-dui-li-noluo-xuan-gaou-fa-chong-tu-nolin-jie-dian-woya-sishang-geru,south-china-sea-simultaneous-us-china-military-drills,/en/en-nan-sinahai-mi-zhong-tong-shi-jun-shi-yan-xi-dui-li-noluo-xuan-gaou-fa-chong-tu-nolin-jie-dian-woya-sishang-geru/,/en/south-china-sea-simultaneous-us-china-military-drills/,South China Sea: Simultaneous US-China Military Drills —
en-zi-wei-dui-hai-wai-pai-qian-kuo-da-zhan-hou-an-bao-ti-zhi-nogou-zao-sihutogashi-maru,expansion-of-sdf-overseas-deployment-a-structural-shift-in-the-post,/en/en-zi-wei-dui-hai-wai-pai-qian-kuo-da-zhan-hou-an-bao-ti-zhi-nogou-zao-sihutogashi-maru/,/en/expansion-of-sdf-overseas-deployment-a-structural-shift-in-the-post/,Expansion of SDF Overseas Deployment — A Structural Shift in the Post
en-gao-shi-shou-xiang-cun-li-wei-ji-shi-tai-da-bian-ri-mi-tong-meng-nogou-zao-zhuan-huan-gashi-matuta-2,prime-minister-takaichi-situation-of,/en/en-gao-shi-shou-xiang-cun-li-wei-ji-shi-tai-da-bian-ri-mi-tong-meng-nogou-zao-zhuan-huan-gashi-matuta-2/,/en/prime-minister-takaichi-situation-of/,"Prime Minister Takaichi: ""Situation of"
en-ri-ben-defigui-zhi-qiang-hua-gui-zhi-nobu-huo-gaan-hao-zi-chan-inobesiyonwozhi-xi-saserugou-zao,japan-strengthens-defi-regulations-a-structure-where,/en/en-ri-ben-defigui-zhi-qiang-hua-gui-zhi-nobu-huo-gaan-hao-zi-chan-inobesiyonwozhi-xi-saserugou-zao/,/en/japan-strengthens-defi-regulations-a-structure-where/,"Japan Strengthens DeFi Regulations — A Structure Where """
en-ri-ben-fang-wei-fei-gdpbi-3-chao-he-zhan-hou-zhi-xu-nogou-zao-zhuan-huan-to-pu-tong-noguo-hua-nolin-jie-dian,japans-defense-spending-to-exceed-3-of,/en/en-ri-ben-fang-wei-fei-gdpbi-3-chao-he-zhan-hou-zhi-xu-nogou-zao-zhuan-huan-to-pu-tong-noguo-hua-nolin-jie-dian/,/en/japans-defense-spending-to-exceed-3-of/,Japan's Defense Spending to Exceed 3% of
en-gao-shi-shou-xiang-cun-li-wei-ji-shi-tai-da-bian-ri-mi-tong-meng-nogou-zao-zhuan-huan-gashi-matuta,prime-minister-takaichis-exist,/en/en-gao-shi-shou-xiang-cun-li-wei-ji-shi-tai-da-bian-ri-mi-tong-meng-nogou-zao-zhuan-huan-gashi-matuta/,/en/prime-minister-takaichis-exist/,"Prime Minister Takaichi's ""Exist"
en-bitutokoin20mo-dorutu-po-yu-ce-ji-guan-tou-zi-jia-nocan-ru-gabian-eruan-hao-zi-chan-nogou-zao-de-zhuan-huan-dian,bitcoin-predicted-to-surpass-20000,/en/en-bitutokoin20mo-dorutu-po-yu-ce-ji-guan-tou-zi-jia-nocan-ru-gabian-eruan-hao-zi-chan-nogou-zao-de-zhuan-huan-dian/,/en/bitcoin-predicted-to-surpass-20000/,"Bitcoin Predicted to Surpass $200,00"
en-ri-ben-defigui-zhi-qiang-hua-gui-zhi-nobu-huo-gaan-hao-zi-chan-inobesiyonwoyin-miip-mugou-zao,japan-strengthens-defi-regulations-how-regulatory-capture,/en/en-ri-ben-defigui-zhi-qiang-hua-gui-zhi-nobu-huo-gaan-hao-zi-chan-inobesiyonwoyin-miip-mugou-zao/,/en/japan-strengthens-defi-regulations-how-regulatory-capture/,"Japan Strengthens DeFi Regulations ― How ""Regulatory Capture"
en-tai-wan-tong-yi-qi-xian-2026nian-fa-yan-dui-li-noluo-xuan-galin-jie-dian-nijin-dukugou-zao-de-li-you,statement-on-2026-as-taiwan-unification,/en/en-tai-wan-tong-yi-qi-xian-2026nian-fa-yan-dui-li-noluo-xuan-galin-jie-dian-nijin-dukugou-zao-de-li-you/,/en/statement-on-2026-as-taiwan-unification/,Statement on '2026' as Taiwan Unification
en-tai-wan-hai-xia-nojun-shi-jin-zhang-tori-mi-tong-meng-zai-bian-dui-li-noluo-xuan-gapo-rutong-meng-bian-dong-nolin-jie-dian,military-tensions-in-the-taiwan-strait-and-japan-u,/en/en-tai-wan-hai-xia-nojun-shi-jin-zhang-tori-mi-tong-meng-zai-bian-dui-li-noluo-xuan-gapo-rutong-meng-bian-dong-nolin-jie-dian/,/en/military-tensions-in-the-taiwan-strait-and-japan-u/,Military Tensions in the Taiwan Strait and Japan-U
en-ri-ben-fang-wei-fei-gdpbi-3-chao-he-zhan-hou-an-quan-bao-zhang-ti-zhi-nogou-zao-zhuan-huan-to-dui-li-noluo-xuan-gasheng-mubu-ke-ni-nojun-kuo-lu-xian,japans-defense-spending-to-exceed-3,/en/en-ri-ben-fang-wei-fei-gdpbi-3-chao-he-zhan-hou-an-quan-bao-zhang-ti-zhi-nogou-zao-zhuan-huan-to-dui-li-noluo-xuan-gasheng-mubu-ke-ni-nojun-kuo-lu-xian/,/en/japans-defense-spending-to-exceed-3/,Japan's Defense Spending to Exceed 3%
en-ri-yin-horumuzuwei-ji-xia-dejin-li-ju-ezhi-ki-di-zheng-xue-risukugajin-rong-zheng-ce-woren-zhi-niqu-rugou-zao,boj-keeps-rates-unchanged-amid-hormuz-crisis-ge,/en/en-ri-yin-horumuzuwei-ji-xia-dejin-li-ju-ezhi-ki-di-zheng-xue-risukugajin-rong-zheng-ce-woren-zhi-niqu-rugou-zao/,/en/boj-keeps-rates-unchanged-amid-hormuz-crisis-ge/,BOJ Keeps Rates Unchanged Amid Hormuz Crisis — Ge
en-ri-yin-horumuzuwei-ji-xia-dejin-li-ju-ezhi-ki-di-zheng-xue-risukugajin-rong-zheng-chang-hua-wodong-jie-surugou-zao,boj-holds-rates-amid-hormuz-crisis,/en/en-ri-yin-horumuzuwei-ji-xia-dejin-li-ju-ezhi-ki-di-zheng-xue-risukugajin-rong-zheng-chang-hua-wodong-jie-surugou-zao/,/en/boj-holds-rates-amid-hormuz-crisis/,BOJ Holds Rates Amid Hormuz Crisis —
en-ecbjin-li-ju-ezhi-ki6lian-sok-enerugiwei-ji-gapo-ruzheng-ce-zhuan-huan-nofen-shui-ling,ecb-holds-interest-rates-for-sixth-consecutive-time,/en/en-ecbjin-li-ju-ezhi-ki6lian-sok-enerugiwei-ji-gapo-ruzheng-ce-zhuan-huan-nofen-shui-ling/,/en/ecb-holds-interest-rates-for-sixth-consecutive-time/,ECB Holds Interest Rates for Sixth Consecutive Time —
en-gao-shi-fang-mi-ri-mi-shou-noy-hui-tan-tong-meng-no-dui-jia-gawen-warerugou-zao-zhuan-huan-dian,takaichis-us-visit-and-japan-us-summit,/en/en-gao-shi-fang-mi-ri-mi-shou-noy-hui-tan-tong-meng-no-dui-jia-gawen-warerugou-zao-zhuan-huan-dian/,/en/takaichis-us-visit-and-japan-us-summit/,Takaichi's US Visit and Japan-US Summit
en-nan-sinahai-nomi-zhong-jun-shi-dui-zhi-dui-li-noluo-xuan-gaou-fa-chong-tu-noyu-zhi-woxia-gerugou-zao,us-china-military-confrontation-in-the-south,/en/en-nan-sinahai-nomi-zhong-jun-shi-dui-zhi-dui-li-noluo-xuan-gaou-fa-chong-tu-noyu-zhi-woxia-gerugou-zao/,/en/us-china-military-confrontation-in-the-south/,U.S.-China Military Confrontation in the South
en-ukurainazhan-zheng-chang-qi-hua-toji-dong-sihuto-ri-ben-noan-quan-bao-zhang-gapo-rarerugou-zao-zhuan-huan,protracted-ukraine-war-and-the-far-east-shift-japan,/en/en-ukurainazhan-zheng-chang-qi-hua-toji-dong-sihuto-ri-ben-noan-quan-bao-zhang-gapo-rarerugou-zao-zhuan-huan/,/en/protracted-ukraine-war-and-the-far-east-shift-japan/,Protracted Ukraine War and the Far East Shift: Japan'
en-nan-sinahai-nomi-zhong-jun-shi-jin-zhang-dui-li-noluo-xuan-gaou-fa-chong-tu-noyu-zhi-woxia-gerugou-zao-3,us-china-military-tensions-in-the,/en/en-nan-sinahai-nomi-zhong-jun-shi-jin-zhang-dui-li-noluo-xuan-gaou-fa-chong-tu-noyu-zhi-woxia-gerugou-zao-3/,/en/us-china-military-tensions-in-the/,U.S.-China Military Tensions in the
en-bei-zhao-xian-xin-xing-misairushi-yan-dui-li-noluo-xuan-gari-mi-han-tong-meng-nogou-zao-zhuan-huan-wojia-su-saseru,north-koreas-new-missile-test-spiral-of-conflict,/en/en-bei-zhao-xian-xin-xing-misairushi-yan-dui-li-noluo-xuan-gari-mi-han-tong-meng-nogou-zao-zhuan-huan-wojia-su-saseru/,/en/north-koreas-new-missile-test-spiral-of-conflict/,North Korea's New Missile Test — Spiral of Conflict
en-gao-shi-shou-xiang-cun-li-wei-ji-shi-tai-da-bian-mi-qing-bao-ji-guan-gadu-mijie-kuri-ben-an-bao-nogou-zao-zhuan-huan,prime-minister-takaichis-existential-crisis,/en/en-gao-shi-shou-xiang-cun-li-wei-ji-shi-tai-da-bian-mi-qing-bao-ji-guan-gadu-mijie-kuri-ben-an-bao-nogou-zao-zhuan-huan/,/en/prime-minister-takaichis-existential-crisis/,"Prime Minister Takaichi's ""Existential Crisis"
en-frbjin-li-ju-ezhi-ki-iranwei-ji-gali-xia-gelu-xian-wogou-zao-de-nizu-mudi-zheng-xue-risukunolian-suo,fed-holds-interest-rates-iran-crisis-structurally-obstructs,/en/en-frbjin-li-ju-ezhi-ki-iranwei-ji-gali-xia-gelu-xian-wogou-zao-de-nizu-mudi-zheng-xue-risukunolian-suo/,/en/fed-holds-interest-rates-iran-crisis-structurally-obstructs/,Fed Holds Interest Rates — Iran Crisis Structurally Obstructs
en-ri-yin-ju-ezhi-kitohorumuzuwei-ji-di-zheng-xue-risukugajin-rong-zheng-chang-hua-wodong-jie-surugou-zao,boj-holds-policy-and-hormuz-crisis-geopolitical-risks,/en/en-ri-yin-ju-ezhi-kitohorumuzuwei-ji-di-zheng-xue-risukugajin-rong-zheng-chang-hua-wodong-jie-surugou-zao/,/en/boj-holds-policy-and-hormuz-crisis-geopolitical-risks/,BOJ Holds Policy and Hormuz Crisis — Geopolitical Risks
en-frb2hui-he-lian-sok-li-xia-gejian-song-ri-zhong-dong-risukutoinhurezai-ran-gamiao-kujin-rong-zheng-ce-nojing-lu-yi-cun,fed-holds-off-on-rate-cuts-for-second-consecutive,/en/en-frb2hui-he-lian-sok-li-xia-gejian-song-ri-zhong-dong-risukutoinhurezai-ran-gamiao-kujin-rong-zheng-ce-nojing-lu-yi-cun/,/en/fed-holds-off-on-rate-cuts-for-second-consecutive/,Fed Holds Off on Rate Cuts for Second Consecutive
en-zhong-guo-nodui-tai-wan-jing-ji-zhi-cai-qiang-hua-ri-tai-jie-jin-gayin-kiqi-kosudong-aziatong-meng-zai-bian-nogou-zao-li-xue,china-intensifies-economic-sanctions-on-taiwan-the-structural-dynamics,/en/en-zhong-guo-nodui-tai-wan-jing-ji-zhi-cai-qiang-hua-ri-tai-jie-jin-gayin-kiqi-kosudong-aziatong-meng-zai-bian-nogou-zao-li-xue/,/en/china-intensifies-economic-sanctions-on-taiwan-the-structural-dynamics/,China Intensifies Economic Sanctions on Taiwan — The Structural Dynamics
en-bei-zhao-xian-icbmzai-kai-tori-ben-fang-wei-zhuan-huan-dui-li-noluo-xuan-gajia-su-surudong-aziaan-quan-bao-zhang-gou-zao,north-koreas-icbm-resumption-and-japan,/en/en-bei-zhao-xian-icbmzai-kai-tori-ben-fang-wei-zhuan-huan-dui-li-noluo-xuan-gajia-su-surudong-aziaan-quan-bao-zhang-gou-zao/,/en/north-koreas-icbm-resumption-and-japan/,North Korea's ICBM Resumption and Japan
en-nan-sinahai-mi-zhong-jun-shi-yan-xi-noji-hua-dui-li-noluo-xuan-gaou-fa-chong-tu-noyu-zhi-woxia-gerugou-zao,escalation-of-us-china-military,/en/en-nan-sinahai-mi-zhong-jun-shi-yan-xi-noji-hua-dui-li-noluo-xuan-gaou-fa-chong-tu-noyu-zhi-woxia-gerugou-zao/,/en/escalation-of-us-china-military/,Escalation of U.S.-China Military
en-mi-rodian-hua-hui-tan-toiranbao-wei-wang-da-guo-jian-qu-yin-gazhong-dong-zhi-xu-woshu-kihuan-erugou-zao-zhuan-huan-2,us-russia-phone-talks-and-the-encirc,/en/en-mi-rodian-hua-hui-tan-toiranbao-wei-wang-da-guo-jian-qu-yin-gazhong-dong-zhi-xu-woshu-kihuan-erugou-zao-zhuan-huan-2/,/en/us-russia-phone-talks-and-the-encirc/,US-Russia Phone Talks and the Encirc
en-bei-zhao-xian-no-zhan-zheng-jing-ji-2zhao-yuan-zhi-cai-ti-zhi-wowu-li-hua-surujun-shi-manenogou-zao-zhuan-huan,north-koreas-2-trillion-war,/en/en-bei-zhao-xian-no-zhan-zheng-jing-ji-2zhao-yuan-zhi-cai-ti-zhi-wowu-li-hua-surujun-shi-manenogou-zao-zhuan-huan/,/en/north-koreas-2-trillion-war/,"North Korea's ¥2 Trillion ""War"
en-nan-sinahai-nomi-zhong-jun-shi-jin-zhang-dui-li-noluo-xuan-gaou-fa-chong-tu-noyu-zhi-woxia-gerugou-zao-2,us-china-military-tensions-in-the-south-china-2,/en/en-nan-sinahai-nomi-zhong-jun-shi-jin-zhang-dui-li-noluo-xuan-gaou-fa-chong-tu-noyu-zhi-woxia-gerugou-zao-2/,/en/us-china-military-tensions-in-the-south-china-2/,U.S.-China Military Tensions in the South China
en-bei-zhao-xian-misairuzai-kai-dui-li-noluo-xuan-gapo-ruri-ben-noying-ji-jue-duan,north-korea-resumes-missile-launches-japan,/en/en-bei-zhao-xian-misairuzai-kai-dui-li-noluo-xuan-gapo-ruri-ben-noying-ji-jue-duan/,/en/north-korea-resumes-missile-launches-japan/,North Korea Resumes Missile Launches — Japan'
en-gao-shi-toranpushou-noy-hui-tan-ri-mi-tong-meng-nozai-ding-yi-toiranbian-shu-gajiao-chai-surugou-zao-zhuan-huan-dian,takaichi-trump-summit-meeting-a,/en/en-gao-shi-toranpushou-noy-hui-tan-ri-mi-tong-meng-nozai-ding-yi-toiranbian-shu-gajiao-chai-surugou-zao-zhuan-huan-dian/,/en/takaichi-trump-summit-meeting-a/,Takaichi-Trump Summit Meeting — A
en-mi-rodian-hua-hui-tan-toiranbao-wei-wang-da-guo-jian-qu-yin-gazhong-dong-zhi-xu-woshu-kihuan-erugou-zao-zhuan-huan,us-russia-phone-talks-and-iran-containment-a-structural,/en/en-mi-rodian-hua-hui-tan-toiranbao-wei-wang-da-guo-jian-qu-yin-gazhong-dong-zhi-xu-woshu-kihuan-erugou-zao-zhuan-huan/,/en/us-russia-phone-talks-and-iran-containment-a-structural/,US-Russia Phone Talks and Iran Containment — A Structural
en-tai-wan-hai-xia-nojun-shi-jin-zhang-ri-ben-gazhi-mian-suru-dui-li-noluo-xuan-totong-meng-zai-bian-nogou-zao-zhuan-huan,military-tensions-in-the-taiwan-strait-japan,/en/en-tai-wan-hai-xia-nojun-shi-jin-zhang-ri-ben-gazhi-mian-suru-dui-li-noluo-xuan-totong-meng-zai-bian-nogou-zao-zhuan-huan/,/en/military-tensions-in-the-taiwan-strait-japan/,Military Tensions in the Taiwan Strait — Japan
en-bei-zhao-xian-nozhan-zheng-jing-ji-2zhao-yuan-zhi-cai-ti-zhi-wokong-dong-hua-saseru-xie-nopei-dang-nogou-zao,north-koreas-2-trillion-yen-war-economy,/en/en-bei-zhao-xian-nozhan-zheng-jing-ji-2zhao-yuan-zhi-cai-ti-zhi-wokong-dong-hua-saseru-xie-nopei-dang-nogou-zao/,/en/north-koreas-2-trillion-yen-war-economy/,North Korea's 2 Trillion Yen War Economy
en-toranpunoirandan-du-gong-ji-xuan-yan-tong-meng-ti-zhi-wogen-di-karayao-rugasu-quan-li-noguo-shen-zhan,trumps-declaration-of-unilateral-attack-on-iran,/en/en-toranpunoirandan-du-gong-ji-xuan-yan-tong-meng-ti-zhi-wogen-di-karayao-rugasu-quan-li-noguo-shen-zhan/,/en/trumps-declaration-of-unilateral-attack-on-iran/,Trump's Declaration of Unilateral Attack on Iran —
en-nan-sinahai-nomi-zhong-jun-shi-jin-zhang-dui-li-noluo-xuan-gaou-fa-chong-tu-noyu-zhi-woxia-gerugou-zao,us-china-military-tensions-in-the-south-china-3,/en/en-nan-sinahai-nomi-zhong-jun-shi-jin-zhang-dui-li-noluo-xuan-gaou-fa-chong-tu-noyu-zhi-woxia-gerugou-zao/,/en/us-china-military-tensions-in-the-south-china-3/,U.S.-China Military Tensions in the South China
en-ou-mi-tong-meng-nogui-lie-rosiagashi-gua-keru-fen-duan-noqing-bao-zhan-toxi-ce-jie-shu-nogou-zao-de-cui-ruo-xing,rift-in-the-western-alliance-russias-divide,/en/en-ou-mi-tong-meng-nogui-lie-rosiagashi-gua-keru-fen-duan-noqing-bao-zhan-toxi-ce-jie-shu-nogou-zao-de-cui-ruo-xing/,/en/rift-in-the-western-alliance-russias-divide/,"Rift in the Western Alliance — Russia's ""Divide"
en-bei-zhao-xian-misairuzai-kai-dui-li-noluo-xuan-gapo-ruri-ben-no-ying-ji-noyu-zhi,north-korea-resumes-missile-launches-spiral-of-confrontation-n,/en/en-bei-zhao-xian-misairuzai-kai-dui-li-noluo-xuan-gapo-ruri-ben-no-ying-ji-noyu-zhi/,/en/north-korea-resumes-missile-launches-spiral-of-confrontation-n/,North Korea Resumes Missile Launches — Spiral of Confrontation N
en-gao-shi-toranpushou-noy-hui-tan-tong-meng-nozai-jiao-she-toiranbian-shu-gashi-suri-ben-wai-jiao-nogou-zao-xian-jie,takaichi-trump-summit-alliance-renegoti,/en/en-gao-shi-toranpushou-noy-hui-tan-tong-meng-nozai-jiao-she-toiranbian-shu-gashi-suri-ben-wai-jiao-nogou-zao-xian-jie/,/en/takaichi-trump-summit-alliance-renegoti/,Takaichi-Trump Summit — Alliance Renegoti
en-bei-zhao-xian-xin-xing-misairufa-she-dui-li-noluo-xuan-gari-ben-nofang-wei-ti-zhi-wogen-di-karabian-eru,north-korea-launches-new-missile-spiral-of-confrontation-fundament,/en/en-bei-zhao-xian-xin-xing-misairufa-she-dui-li-noluo-xuan-gari-ben-nofang-wei-ti-zhi-wogen-di-karabian-eru/,/en/north-korea-launches-new-missile-spiral-of-confrontation-fundament/,North Korea Launches New Missile — Spiral of Confrontation Fundament
en-horumuzuhai-xia-jian-chuan-pai-qian-wen-ti-tong-meng-nogui-lie-gabao-kuenerugian-bao-nogou-zao-de-cui-ruo-xing,strait-of-hormuz-naval-deployment-issue-alliance-cr,/en/en-horumuzuhai-xia-jian-chuan-pai-qian-wen-ti-tong-meng-nogui-lie-gabao-kuenerugian-bao-nogou-zao-de-cui-ruo-xing/,/en/strait-of-hormuz-naval-deployment-issue-alliance-cr/,Strait of Hormuz Naval Deployment Issue — Alliance Cr
en-ri-mi-shou-noy-hui-tan-2026nian-3yue-guan-shui-ya-li-xia-notong-meng-zai-jiao-she-tojing-lu-yi-cun-nomin,japan-us-summit-meeting-march,/en/en-ri-mi-shou-noy-hui-tan-2026nian-3yue-guan-shui-ya-li-xia-notong-meng-zai-jiao-she-tojing-lu-yi-cun-nomin/,/en/japan-us-summit-meeting-march/,Japan-U.S. Summit Meeting March
en-ri-mi-fang-wei-dian-hua-hui-tan-horumuzuhai-xia-wei-ji-gazhi-richu-sutong-meng-nogou-zao-de-shi-lian-2,japan-us-defense-phone-talks-strait,/en/en-ri-mi-fang-wei-dian-hua-hui-tan-horumuzuhai-xia-wei-ji-gazhi-richu-sutong-meng-nogou-zao-de-shi-lian-2/,/en/japan-us-defense-phone-talks-strait/,Japan-U.S. Defense Phone Talks — Strait
en-bei-zhao-xian-xin-xing-misairufa-she-dui-li-noluo-xuan-gari-ben-nofang-wei-gou-zao-wogen-di-karabian-eru,north-koreas-new-missile-launch-spiral,/en/en-bei-zhao-xian-xin-xing-misairufa-she-dui-li-noluo-xuan-gari-ben-nofang-wei-gou-zao-wogen-di-karabian-eru/,/en/north-koreas-new-missile-launch-spiral/,North Korea's New Missile Launch — Spiral
en-horumuzuhai-xia-jian-chuan-pai-qian-wen-ti-tong-meng-nogui-lie-galu-cheng-suruenerugian-quan-bao-zhang-nogou-zao-zhuan-huan,strait-of-hormuz-ship-deployment-issue-structural-transformation,/en/en-horumuzuhai-xia-jian-chuan-pai-qian-wen-ti-tong-meng-nogui-lie-galu-cheng-suruenerugian-quan-bao-zhang-nogou-zao-zhuan-huan/,/en/strait-of-hormuz-ship-deployment-issue-structural-transformation/,Strait of Hormuz Ship Deployment Issue — Structural Transformation
en-ri-ben-nozhong-dong-zhong-jie-wai-jiao-enerugiyi-cun-gasheng-nda-zheng-tong-xing-nokong-bai-henotiao-zhan,japans-middle-east-mediation-diplomacy-a,/en/en-ri-ben-nozhong-dong-zhong-jie-wai-jiao-enerugiyi-cun-gasheng-nda-zheng-tong-xing-nokong-bai-henotiao-zhan/,/en/japans-middle-east-mediation-diplomacy-a/,Japan's Middle East Mediation Diplomacy — A
en-tai-wan-hai-xia-nojun-shi-jin-zhang-mi-zhong-dui-li-noluo-xuan-gaou-fa-chong-tu-nolin-jie-dian-nipo-ru,military-tensions-in-the-taiwan-strait-us,/en/en-tai-wan-hai-xia-nojun-shi-jin-zhang-mi-zhong-dui-li-noluo-xuan-gaou-fa-chong-tu-nolin-jie-dian-nipo-ru/,/en/military-tensions-in-the-taiwan-strait-us/,Military Tensions in the Taiwan Strait — US
en-ri-ben-defigui-zhi-qiang-hua-tou-ming-xing-noming-noxia-nijin-muan-hao-zi-chan-shi-chang-nogou-zao-zhuan-huan,japan-strengthens-defi-regulations-structural-transformation-of-crypto,/en/en-ri-ben-defigui-zhi-qiang-hua-tou-ming-xing-noming-noxia-nijin-muan-hao-zi-chan-shi-chang-nogou-zao-zhuan-huan/,/en/japan-strengthens-defi-regulations-structural-transformation-of-crypto/,Japan Strengthens DeFi Regulations — Structural Transformation of Crypto
en-ri-ben-nohorumuzuhai-xia-pai-qian-wen-ti-tong-meng-nodai-jia-tozi-zhu-wai-jiao-noqi-lu,japans-hormuz-strait-deployment-issue-the-price-of,/en/en-ri-ben-nohorumuzuhai-xia-pai-qian-wen-ti-tong-meng-nodai-jia-tozi-zhu-wai-jiao-noqi-lu/,/en/japans-hormuz-strait-deployment-issue-the-price-of/,Japan's Hormuz Strait Deployment Issue — The Price of
en-ukurainating-zhan-jiao-she-putinno-quan-li-noguo-shen-zhan-gasheng-mugou-zao-de-jiao-zhao,ukraine-ceasefire-negotiations-the-structural-stalemate,/en/en-ukurainating-zhan-jiao-she-putinno-quan-li-noguo-shen-zhan-gasheng-mugou-zao-de-jiao-zhao/,/en/ukraine-ceasefire-negotiations-the-structural-stalemate/,Ukraine Ceasefire Negotiations — The Structural Stalemate
en-ri-mi-fang-wei-dian-hua-hui-tan-horumuzuhai-xia-wei-ji-gazhi-richu-sutong-meng-nogou-zao-de-shi-lian,japan-us-defense-phone-talks,/en/en-ri-mi-fang-wei-dian-hua-hui-tan-horumuzuhai-xia-wei-ji-gazhi-richu-sutong-meng-nogou-zao-de-shi-lian/,/en/japan-us-defense-phone-talks/,Japan-U.S. Defense Phone Talks
en-bei-zhao-xian-misairuzai-kai-tori-ben-nofang-wei-zhuan-huan-dui-li-noluo-xuan-gasheng-muzhan-hou-zhi-xu-nozhong-yan,north-koreas-missile-resumption-and-japan,/en/en-bei-zhao-xian-misairuzai-kai-tori-ben-nofang-wei-zhuan-huan-dui-li-noluo-xuan-gasheng-muzhan-hou-zhi-xu-nozhong-yan/,/en/north-koreas-missile-resumption-and-japan/,North Korea's Missile Resumption and Japan'
en-horumuzuhai-xia-henojian-chuan-pai-qian-yao-qiu-ri-mi-tong-meng-no-dui-jia-gazhong-dong-nikuo-zhang-sarerugou-zao-zhuan-huan,demand-for-dispatch-of-warships-to-the-strait-of-horm,/en/en-horumuzuhai-xia-henojian-chuan-pai-qian-yao-qiu-ri-mi-tong-meng-no-dui-jia-gazhong-dong-nikuo-zhang-sarerugou-zao-zhuan-huan/,/en/demand-for-dispatch-of-warships-to-the-strait-of-horm/,Demand for Dispatch of Warships to the Strait of Horm
en-nan-sinahai-jun-shi-yan-xi-noji-hua-dui-li-noluo-xuan-gari-ben-wo-xuan-ze-noshun-jian-nizhui-iip-mugou-zao,escalation-of-military-drills-in-the-south-china-sea,/en/en-nan-sinahai-jun-shi-yan-xi-noji-hua-dui-li-noluo-xuan-gari-ben-wo-xuan-ze-noshun-jian-nizhui-iip-mugou-zao/,/en/escalation-of-military-drills-in-the-south-china-sea/,Escalation of Military Drills in the South China Sea
en-kerotugute-shi-tui-ren-toukurainating-zhan-putinno-guo-shen-zhan-gashi-sarerugou-zao-de-zhuan-huan-dian,kelloggs-special-envoy-retires-and,/en/en-kerotugute-shi-tui-ren-toukurainating-zhan-putinno-guo-shen-zhan-gashi-sarerugou-zao-de-zhuan-huan-dian/,/en/kelloggs-special-envoy-retires-and/,Kellogg's Special Envoy Retires and
en-mi-iranjun-shi-zuo-zhan-nochang-qi-hua-xuan-nian-quan-li-noguo-shen-zhan-gazhao-kuche-tui-ya-li-tozhong-dong-zhi-xu-nozai-bian,concerns-over-prolongation-of-us-iran-military-operations,/en/en-mi-iranjun-shi-zuo-zhan-nochang-qi-hua-xuan-nian-quan-li-noguo-shen-zhan-gazhao-kuche-tui-ya-li-tozhong-dong-zhi-xu-nozai-bian/,/en/concerns-over-prolongation-of-us-iran-military-operations/,Concerns Over Prolongation of US-Iran Military Operations
en-horumuzuhai-xia-fang-wei-totong-meng-nogui-lie-mi-guo-no-fu-dan-gong-you-ya-li-gabao-kuhai-yang-an-quan-bao-zhang-nogou-zao-de-mao-dun,strait-of-hormuz-defense-and-alliance-fiss,/en/en-horumuzuhai-xia-fang-wei-totong-meng-nogui-lie-mi-guo-no-fu-dan-gong-you-ya-li-gabao-kuhai-yang-an-quan-bao-zhang-nogou-zao-de-mao-dun/,/en/strait-of-hormuz-defense-and-alliance-fiss/,Strait of Hormuz Defense and Alliance Fiss
en-gao-shi-fang-mi-tori-mi-shou-noy-hui-tan-tong-meng-zai-bian-tozhong-dong-risukugajiao-chai-surugou-zao-zhuan-huan-dian,takaichis-us-visit-and-japan,/en/en-gao-shi-fang-mi-tori-mi-shou-noy-hui-tan-tong-meng-zai-bian-tozhong-dong-risukugajiao-chai-surugou-zao-zhuan-huan-dian/,/en/takaichis-us-visit-and-japan/,Takaichi's U.S. Visit and Japan
en-horumuzuhai-xia-wei-ji-totoranpuno-fu-dan-gong-you-ya-li-tong-meng-nogui-lie-gazi-yuan-wei-ji-wozeng-fu-surugou-zao-2,strait-of-hormuz-crisis-and-trumps,/en/en-horumuzuhai-xia-wei-ji-totoranpuno-fu-dan-gong-you-ya-li-tong-meng-nogui-lie-gazi-yuan-wei-ji-wozeng-fu-surugou-zao-2/,/en/strait-of-hormuz-crisis-and-trumps/,Strait of Hormuz Crisis and Trump's
en-tai-wan-you-shi-tozi-wei-dui-pai-qian-lun-tong-meng-nogui-lie-gapo-ruxian-fa-de-zhuan-huan-dian,a-taiwan-contingency-and-the-debate-over-sdf,/en/en-tai-wan-you-shi-tozi-wei-dui-pai-qian-lun-tong-meng-nogui-lie-gapo-ruxian-fa-de-zhuan-huan-dian/,/en/a-taiwan-contingency-and-the-debate-over-sdf/,A Taiwan Contingency and the Debate over SDF
en-mi-zhong-parimao-yi-xie-yi-guan-shui-toreaasugaying-suba-quan-jiao-she-nogou-zao-zhuan-huan-3,us-china-paris-trade-talks-tariffs,/en/en-mi-zhong-parimao-yi-xie-yi-guan-shui-toreaasugaying-suba-quan-jiao-she-nogou-zao-zhuan-huan-3/,/en/us-china-paris-trade-talks-tariffs/,US-China Paris Trade Talks — Tariffs
en-ri-mi-fang-wei-xie-yi-toiranwei-ji-horumuzuhai-xia-womegurutong-meng-noshi-jin-shi,japan-us-defense-talks-and-the,/en/en-ri-mi-fang-wei-xie-yi-toiranwei-ji-horumuzuhai-xia-womegurutong-meng-noshi-jin-shi/,/en/japan-us-defense-talks-and-the/,Japan-U.S. Defense Talks and the
en-mi-24zhou-noguan-shui-su-song-da-tong-ling-quan-xian-noguo-shen-zhan-gazhao-kuxian-fa-de-yao-rili-si,24-us-states-tariff-lawsuits-constitutional,/en/en-mi-24zhou-noguan-shui-su-song-da-tong-ling-quan-xian-noguo-shen-zhan-gazhao-kuxian-fa-de-yao-rili-si/,/en/24-us-states-tariff-lawsuits-constitutional/,24 US States' Tariff Lawsuits — Constitutional
en-bei-zhao-xian-misairuzai-fa-she-dui-li-noluo-xuan-gari-ben-noan-quan-bao-zhang-paradaimuwogen-di-karayao-saburu,north-koreas-missile-relaunch-a,/en/en-bei-zhao-xian-misairuzai-fa-she-dui-li-noluo-xuan-gari-ben-noan-quan-bao-zhang-paradaimuwogen-di-karayao-saburu/,/en/north-koreas-missile-relaunch-a/,North Korea's Missile Relaunch — A
en-horumuzuhai-xia-wei-ji-totoranpuno-fu-dan-gong-you-ya-li-tong-meng-nogui-lie-gazi-yuan-wei-ji-wozeng-fu-surugou-zao,strait-of-hormuz-crisis-and-trumps-2,/en/en-horumuzuhai-xia-wei-ji-totoranpuno-fu-dan-gong-you-ya-li-tong-meng-nogui-lie-gazi-yuan-wei-ji-wozeng-fu-surugou-zao/,/en/strait-of-hormuz-crisis-and-trumps-2/,"Strait of Hormuz Crisis and Trump's """
en-putinnoiranhe-zhong-jie-ti-an-xie-diao-noshi-bai-gasheng-muhe-kuo-san-risukunogou-zao,putins-iran-nuclear-mediation-proposal-the-structure-of,/en/en-putinnoiranhe-zhong-jie-ti-an-xie-diao-noshi-bai-gasheng-muhe-kuo-san-risukunogou-zao/,/en/putins-iran-nuclear-mediation-proposal-the-structure-of/,Putin's Iran Nuclear Mediation Proposal — The Structure of
en-tai-wan-you-shi-tozi-wei-dui-pai-qian-tong-meng-nogui-lie-gapo-ruzhan-hou-zhi-xu-nolin-jie-dian,taiwan-contingency-and-sdf-dispatch-alliance-cracks,/en/en-tai-wan-you-shi-tozi-wei-dui-pai-qian-tong-meng-nogui-lie-gapo-ruzhan-hou-zhi-xu-nolin-jie-dian/,/en/taiwan-contingency-and-sdf-dispatch-alliance-cracks/,Taiwan Contingency and SDF Dispatch — Alliance Cracks
en-nan-sinahai-mi-zhong-jun-shi-yan-xi-nochong-tu-risuku-dui-li-noluo-xuan-gazhi-yu-bu-neng-nixiang-kaugou-zao,risk-of-collision-in-south-china-sea-us-china-military-dr,/en/en-nan-sinahai-mi-zhong-jun-shi-yan-xi-nochong-tu-risuku-dui-li-noluo-xuan-gazhi-yu-bu-neng-nixiang-kaugou-zao/,/en/risk-of-collision-in-south-china-sea-us-china-military-dr/,Risk of Collision in South China Sea US-China Military Dr
en-mi-zhong-parimao-yi-xie-yi-guan-shui-toreaasugaying-suba-quan-jiao-she-nogou-zao-zhuan-huan-2,us-china-paris-trade-talks-tariffs-and-rare-earth,/en/en-mi-zhong-parimao-yi-xie-yi-guan-shui-toreaasugaying-suba-quan-jiao-she-nogou-zao-zhuan-huan-2/,/en/us-china-paris-trade-talks-tariffs-and-rare-earth/,US-China Paris Trade Talks — Tariffs and Rare Earth
en-bei-zhao-xian-xin-xing-icbmshi-yan-cheng-gong-dui-li-noluo-xuan-gari-ben-nomisairufang-wei-gou-zao-wogen-ben-karabian-eru,north-koreas-new-icbm-test-successful-spiral-of,/en/en-bei-zhao-xian-xin-xing-icbmshi-yan-cheng-gong-dui-li-noluo-xuan-gari-ben-nomisairufang-wei-gou-zao-wogen-ben-karabian-eru/,/en/north-koreas-new-icbm-test-successful-spiral-of/,North Korea's New ICBM Test Successful — Spiral of
en-nan-sinahai-mi-zhong-jun-shi-yan-xi-noji-hua-dui-li-noluo-xuan-gari-ben-nosirenwoxie-kasugou-zao-zhuan-huan,escalation-of-us-china-military-exercises,/en/en-nan-sinahai-mi-zhong-jun-shi-yan-xi-noji-hua-dui-li-noluo-xuan-gari-ben-nosirenwoxie-kasugou-zao-zhuan-huan/,/en/escalation-of-us-china-military-exercises/,Escalation of U.S.-China Military Exercises
en-odashi-shi-ti-zhi-gai-ge-jing-ji-an-bao-shi-dai-noyuan-zhu-wai-jiao-gawen-uri-ben-no-zhan-lue-de-zi-lu,reform-of-the-oda-implementation-system-aid-diplomacy-in,/en/en-odashi-shi-ti-zhi-gai-ge-jing-ji-an-bao-shi-dai-noyuan-zhu-wai-jiao-gawen-uri-ben-no-zhan-lue-de-zi-lu/,/en/reform-of-the-oda-implementation-system-aid-diplomacy-in/,Reform of the ODA Implementation System — Aid Diplomacy in
en-horumuzuhai-xia-wei-ji-totoranpuno-fu-dan-zhuan-jia-zhan-lue-tong-meng-nogui-lie-gasheng-muenerugizhi-xu-nozai-bian,the-strait-of-hormuz-crisis-and-trumps-bur,/en/en-horumuzuhai-xia-wei-ji-totoranpuno-fu-dan-zhuan-jia-zhan-lue-tong-meng-nogui-lie-gasheng-muenerugizhi-xu-nozai-bian/,/en/the-strait-of-hormuz-crisis-and-trumps-bur/,"The Strait of Hormuz Crisis and Trump's ""Bur"
en-mi-zhong-parimao-yi-xie-yi-guan-shui-toreaasugaying-suba-quan-jiao-she-nogou-zao-zhuan-huan,us-china-paris-trade-talks-tariffs-and-rare,/en/en-mi-zhong-parimao-yi-xie-yi-guan-shui-toreaasugaying-suba-quan-jiao-she-nogou-zao-zhuan-huan/,/en/us-china-paris-trade-talks-tariffs-and-rare/,US-China Paris Trade Talks — Tariffs and Rare
en-ri-mi-shou-noy-hui-tan-toiranwen-ti-tong-meng-no-zhong-cheng-shi-yan-gari-ben-wai-jiao-nozi-lu-xing-woshi-su,japan-us-summit-and-the-iran-issue,/en/en-ri-mi-shou-noy-hui-tan-toiranwen-ti-tong-meng-no-zhong-cheng-shi-yan-gari-ben-wai-jiao-nozi-lu-xing-woshi-su/,/en/japan-us-summit-and-the-iran-issue/,Japan-U.S. Summit and the Iran Issue
en-mi-rodian-hua-hui-tan-toiranqing-shi-da-guo-jian-xie-diao-noli-niqian-muzhong-dong-zhi-xu-zai-bian-nogou-zao-li-xue,us-russia-phone-summit-and-the-iran-situation,/en/en-mi-rodian-hua-hui-tan-toiranqing-shi-da-guo-jian-xie-diao-noli-niqian-muzhong-dong-zhi-xu-zai-bian-nogou-zao-li-xue/,/en/us-russia-phone-summit-and-the-iran-situation/,US-Russia Phone Summit and the Iran Situation
en-tai-wan-hai-xia-wei-ji-2026-dui-li-noluo-xuan-gamiao-kuda-guo-jian-pawagemunogou-zao-zhuan-huan,taiwan-strait-crisis-2026-the-structural,/en/en-tai-wan-hai-xia-wei-ji-2026-dui-li-noluo-xuan-gamiao-kuda-guo-jian-pawagemunogou-zao-zhuan-huan/,/en/taiwan-strait-crisis-2026-the-structural/,Taiwan Strait Crisis 2026 — The Structural
en-horumuzuhai-xia-wei-ji-totoranpuno-fu-dan-gong-you-ya-li-tong-meng-gui-lie-gazi-yuan-wei-ji-wozeng-fu-surugou-zao,strait-of-hormuz-crisis-and-trumps-3,/en/en-horumuzuhai-xia-wei-ji-totoranpuno-fu-dan-gong-you-ya-li-tong-meng-gui-lie-gazi-yuan-wei-ji-wozeng-fu-surugou-zao/,/en/strait-of-hormuz-crisis-and-trumps-3/,"Strait of Hormuz Crisis and Trump's """
en-mi-zhong-parimao-yi-xie-yi-guan-shui-toreaasugaying-suba-quan-yi-xing-nogou-zao-de-duan-ceng,us-china-paris-trade-talks-tariffs-and-rare-earth-2,/en/en-mi-zhong-parimao-yi-xie-yi-guan-shui-toreaasugaying-suba-quan-yi-xing-nogou-zao-de-duan-ceng/,/en/us-china-paris-trade-talks-tariffs-and-rare-earth-2/,US-China Paris Trade Talks — Tariffs and Rare Earth
en-ri-mi-shou-noy-hui-tan-toiranwen-ti-tong-meng-no-dui-jia-gawen-warerugou-zao-zhuan-huan-dian,japan-us-summit-and-the-iran-issue-a,/en/en-ri-mi-shou-noy-hui-tan-toiranwen-ti-tong-meng-no-dui-jia-gawen-warerugou-zao-zhuan-huan-dian/,/en/japan-us-summit-and-the-iran-issue-a/,Japan-US Summit and the Iran Issue — A
en-toranpufang-zhong-hou-notai-wan-wu-qi-mai-que-mi-zhong-qu-yin-wai-jiao-gabao-kutong-meng-nocui-ruo-xing,taiwan-arms-sales-after-trumps-china-visit,/en/en-toranpufang-zhong-hou-notai-wan-wu-qi-mai-que-mi-zhong-qu-yin-wai-jiao-gabao-kutong-meng-nocui-ruo-xing/,/en/taiwan-arms-sales-after-trumps-china-visit/,Taiwan Arms Sales After Trump's China Visit —
en-mi-ying-tong-meng-nogui-lie-toranpunoiranzuo-zhan-ganatojie-shu-woshi-sugou-zao-de-zhuan-huan-dian,rift-in-the-us-uk-alliance-trump,/en/en-mi-ying-tong-meng-nogui-lie-toranpunoiranzuo-zhan-ganatojie-shu-woshi-sugou-zao-de-zhuan-huan-dian/,/en/rift-in-the-us-uk-alliance-trump/,Rift in the US-UK Alliance — Trump
en-fed-fomc-march-2026-rate-decision,will-the-fed-cut-rates-at-the-march-202,/en/en-fed-fomc-march-2026-rate-decision/,/en/will-the-fed-cut-rates-at-the-march-202/,Will the Fed Cut Rates at the March 202
en-btc-90k-march-31-2026,will-btc-recover-90000-by-the,/en/en-btc-90k-march-31-2026/,/en/will-btc-recover-90000-by-the/,"Will BTC Recover $90,000 by the"
en-btc-70k-march-31-2026,will-bitcoin-exceed-70000-by,/en/en-btc-70k-march-31-2026/,/en/will-bitcoin-exceed-70000-by/,"Will Bitcoin Exceed $70,000 by"
en-khamenei-assassination-iran-supreme-leader-succession-2026,after-khameneis-assassination-will-iran-officially-decide,/en/en-khamenei-assassination-iran-supreme-leader-succession-2026/,/en/after-khameneis-assassination-will-iran-officially-decide/,After Khamenei's Assassination — Will Iran Officially Decide
en-zhong-dong-wei-ji-toenerugijia-ge-gao-teng-shi-jie-jing-ji-woshi-mu-dui-li-noluo-xuan-to-chuan-ran-nolian-suo,middle-east-crisis-and-soaring-energy-prices-the-spiral,/en/en-zhong-dong-wei-ji-toenerugijia-ge-gao-teng-shi-jie-jing-ji-woshi-mu-dui-li-noluo-xuan-to-chuan-ran-nolian-suo/,/en/middle-east-crisis-and-soaring-energy-prices-the-spiral/,"Middle East Crisis and Soaring Energy Prices — The ""Spiral"
en-toranpuno-he-kayuan-you-ka-er-ze-xuan-yan-enerugiba-quan-tozhong-dong-zhi-xu-nogou-zao-de-chong-tu,trumps-nuclear-or-oil-ultimatum,/en/en-toranpuno-he-kayuan-you-ka-er-ze-xuan-yan-enerugiba-quan-tozhong-dong-zhi-xu-nogou-zao-de-chong-tu/,/en/trumps-nuclear-or-oil-ultimatum/,"Trump's ""Nuclear or Oil"" Ultimatum"
en-mi-iranjun-shi-chong-tu-nochang-qi-hua-tozheng-quan-nei-che-tui-lun-quan-li-noguo-shen-zhan-gazhao-kuzhong-dong-zhi-xu-nogou-zao-zhuan-huan,prolongation-of-the-us-iran-military-conflict,/en/en-mi-iranjun-shi-chong-tu-nochang-qi-hua-tozheng-quan-nei-che-tui-lun-quan-li-noguo-shen-zhan-gazhao-kuzhong-dong-zhi-xu-nogou-zao-zhuan-huan/,/en/prolongation-of-the-us-iran-military-conflict/,Prolongation of the US-Iran Military Conflict
en-mi-iranzhan-zheng-nochu-kou-zhan-lue-yao-qiu-quan-li-noguo-shen-zhan-galu-cheng-suruzheng-quan-nei-gui-lie,us-iran-war-exit-strategy-demanded-regime-cracks,/en/en-mi-iranzhan-zheng-nochu-kou-zhan-lue-yao-qiu-quan-li-noguo-shen-zhan-galu-cheng-suruzheng-quan-nei-gui-lie/,/en/us-iran-war-exit-strategy-demanded-regime-cracks/,US-Iran War Exit Strategy Demanded — Regime Cracks
en-mi-iranzhan-zheng-nochu-kou-nakimi-lu-toranpuzheng-quan-nei-bu-nizou-ru-quan-li-noguo-shen-zhan-nogui-lie,the-exitless-maze-of-the-us-iran,/en/en-mi-iranzhan-zheng-nochu-kou-nakimi-lu-toranpuzheng-quan-nei-bu-nizou-ru-quan-li-noguo-shen-zhan-nogui-lie/,/en/the-exitless-maze-of-the-us-iran/,The Exitless Maze of the US-Iran
en-horumuzuhai-xia-feng-suo-nochang-qi-hua-quan-li-noguo-shen-zhan-gazhao-kuenerugizhi-xu-nobeng-huai,protraction-of-the-strait-of-hormuz-blockade,/en/en-horumuzuhai-xia-feng-suo-nochang-qi-hua-quan-li-noguo-shen-zhan-gazhao-kuenerugizhi-xu-nobeng-huai/,/en/protraction-of-the-strait-of-hormuz-blockade/,Protraction of the Strait of Hormuz Blockade —
en-gao-shi-shou-xiang-no-cheng-chang-zhan-lue-ximfwai-jiao-ri-ben-jing-ji-zheng-ce-nogou-zao-zhuan-huan-toguo-ji-jiao-she-nojiao-chai-dian,prime-minister-takaichis-growth-strategy-x-imf,/en/en-gao-shi-shou-xiang-no-cheng-chang-zhan-lue-ximfwai-jiao-ri-ben-jing-ji-zheng-ce-nogou-zao-zhuan-huan-toguo-ji-jiao-she-nojiao-chai-dian/,/en/prime-minister-takaichis-growth-strategy-x-imf/,"Prime Minister Takaichi's ""Growth Strategy x IMF"
en-gao-shi-shou-xiang-no-cheng-chang-zhan-lue-ri-yao-hui-he-jing-ji-an-bao-tocai-zheng-noer-lu-bei-fan-galu-cheng-surugou-zao,prime-minister-takaichis-growth-strategy-sunday,/en/en-gao-shi-shou-xiang-no-cheng-chang-zhan-lue-ri-yao-hui-he-jing-ji-an-bao-tocai-zheng-noer-lu-bei-fan-galu-cheng-surugou-zao/,/en/prime-minister-takaichis-growth-strategy-sunday/,"Prime Minister Takaichi's ""Growth Strategy"" Sunday"
en-gao-shi-shou-xiang-no-ji-shu-zhu-quan-wai-jiao-paranteiauaedu-gajiao-chai-suruyi-ri-nogou-zao,prime-minister-takaichis-technological-sovereignty,/en/en-gao-shi-shou-xiang-no-ji-shu-zhu-quan-wai-jiao-paranteiauaedu-gajiao-chai-suruyi-ri-nogou-zao/,/en/prime-minister-takaichis-technological-sovereignty/,"Prime Minister Takaichi's ""Technological Sovereignty"
en-gao-shi-shou-xiang-no-ji-shu-zi-yuan-wai-jiao-ji-zhong-ri-ri-ben-gaaienerugidi-zheng-xue-nojie-jie-dian-womu-zhi-sugou-zao-zhuan-huan,prime-minister-takaichis-technology-and-resources-diplomacy,/en/en-gao-shi-shou-xiang-no-ji-shu-zi-yuan-wai-jiao-ji-zhong-ri-ri-ben-gaaienerugidi-zheng-xue-nojie-jie-dian-womu-zhi-sugou-zao-zhuan-huan/,/en/prime-minister-takaichis-technology-and-resources-diplomacy/,"Prime Minister Takaichi's ""Technology and Resources Diplomacy"
en-ri-ben-defigui-zhi-fa-an-guan-li-nakijin-rong-nipo-rujing-lu-yi-cun-nomin,japans-defi-regulatory-bill-the-path-dependent-trap,/en/en-ri-ben-defigui-zhi-fa-an-guan-li-nakijin-rong-nipo-rujing-lu-yi-cun-nomin/,/en/japans-defi-regulatory-bill-the-path-dependent-trap/,Japan's DeFi Regulatory Bill — The Path-Dependent Trap
en-rosia-iranjun-shi-lian-xi-noshen-hua-zerensukigabao-ku-er-zheng-mian-ya-li-gou-zao,deepening-russia-iran-military-cooperation-zelensky-ex,/en/en-rosia-iranjun-shi-lian-xi-noshen-hua-zerensukigabao-ku-er-zheng-mian-ya-li-gou-zao/,/en/deepening-russia-iran-military-cooperation-zelensky-ex/,Deepening Russia-Iran Military Cooperation — Zelensky Ex
en-bei-zhao-xian-misairuzai-kai-tori-ben-nofang-wei-zhuan-huan-dui-li-noluo-xuan-gaqiang-zhi-suruan-quan-bao-zhang-paradaimusihuto,north-koreas-missile-resumption-and-japan-2,/en/en-bei-zhao-xian-misairuzai-kai-tori-ben-nofang-wei-zhuan-huan-dui-li-noluo-xuan-gaqiang-zhi-suruan-quan-bao-zhang-paradaimusihuto/,/en/north-koreas-missile-resumption-and-japan-2/,North Korea's Missile Resumption and Japan
en-tai-wan-hai-xia-nojun-shi-yan-xi-ji-hua-dui-li-noluo-xuan-gazhi-yu-bu-neng-nijin-dukugou-zao-de-li-you,taiwan-strait-military-drills-intensify-structural-reasons-why-the,/en/en-tai-wan-hai-xia-nojun-shi-yan-xi-ji-hua-dui-li-noluo-xuan-gazhi-yu-bu-neng-nijin-dukugou-zao-de-li-you/,/en/taiwan-strait-military-drills-intensify-structural-reasons-why-the/,Taiwan Strait Military Drills Intensify — Structural Reasons Why the
en-tai-wan-hai-xia-nojun-shi-ya-li-dui-li-noluo-xuan-gasheng-mu-gurezonchang-tai-hua-nogou-zao,military-pressure-in-the-taiwan-strait-the-structure-of-gray,/en/en-tai-wan-hai-xia-nojun-shi-ya-li-dui-li-noluo-xuan-gasheng-mu-gurezonchang-tai-hua-nogou-zao/,/en/military-pressure-in-the-taiwan-strait-the-structure-of-gray/,"Military Pressure in the Taiwan Strait — The Structure of ""Gray"
en-isariamu500mo-yuan-tu-po-nosi-jiao-shou-shu-liao-wu-liao-gazhao-kuge-ren-tou-zi-jia-baburunogou-zao,the-blind-spot-of-ethereum-surpassing-5-million,/en/en-isariamu500mo-yuan-tu-po-nosi-jiao-shou-shu-liao-wu-liao-gazhao-kuge-ren-tou-zi-jia-baburunogou-zao/,/en/the-blind-spot-of-ethereum-surpassing-5-million/,The Blind Spot of Ethereum Surpassing 5 Million
en-bitutokoin1500mo-yuan-tu-po-yu-ce-ji-guan-tou-zi-jia-nocan-ru-gabian-eruan-hao-zi-chan-nogou-zao,bitcoin-predicted-to-surpass-15-million-2,/en/en-bitutokoin1500mo-yuan-tu-po-yu-ce-ji-guan-tou-zi-jia-nocan-ru-gabian-eruan-hao-zi-chan-nogou-zao/,/en/bitcoin-predicted-to-surpass-15-million-2/,Bitcoin Predicted to Surpass ¥15 Million —
en-bei-zhao-xian-xin-xing-misairuri-ben-shang-kong-tong-guo-dui-li-noluo-xuan-gasheng-mudong-aziajun-kuo-nolin-jie-dian,north-korean-new-missile-overflies-japan-east-asia-arms-race,/en/en-bei-zhao-xian-xin-xing-misairuri-ben-shang-kong-tong-guo-dui-li-noluo-xuan-gasheng-mudong-aziajun-kuo-nolin-jie-dian/,/en/north-korean-new-missile-overflies-japan-east-asia-arms-race/,North Korean New Missile Overflies Japan — East Asia Arms Race
en-en-nan-sinahai-demi-zhong-yan-xi-gatong-shi-zhan-kai-dui-li-noluo-xuan-gaou-fa-chong-tu-woyin-kiji-serugou-zao,us-and-chinese-exercises-simultaneously-unfold-in-south-china-sea,/en/en-en-nan-sinahai-demi-zhong-yan-xi-gatong-shi-zhan-kai-dui-li-noluo-xuan-gaou-fa-chong-tu-woyin-kiji-serugou-zao/,/en/us-and-chinese-exercises-simultaneously-unfold-in-south-china-sea/,US and Chinese Exercises Simultaneously Unfold in South China Sea —
en-ri-ben-no-zi-zhu-fang-wei-fa-an-zhan-hou-80nian-noan-quan-bao-zhang-tabugabeng-rerugou-zao-li-xue,japans-independent-defense-bill,/en/en-ri-ben-no-zi-zhu-fang-wei-fa-an-zhan-hou-80nian-noan-quan-bao-zhang-tabugabeng-rerugou-zao-li-xue/,/en/japans-independent-defense-bill/,"Japan's ""Independent Defense"" Bill —"
en-nan-sinahai-mi-zhong-tong-shi-jun-shi-yan-xi-dui-li-noluo-xuan-gaou-fa-chong-tu-noyu-zhi-woxia-gerugou-zao,south-china-sea-us-china-simultaneous-military,/en/en-nan-sinahai-mi-zhong-tong-shi-jun-shi-yan-xi-dui-li-noluo-xuan-gaou-fa-chong-tu-noyu-zhi-woxia-gerugou-zao/,/en/south-china-sea-us-china-simultaneous-military/,South China Sea: US-China Simultaneous Military
en-rosianohe-wei-xia-tori-ben-noan-bao-zhuan-huan-dui-li-noluo-xuan-gaji-dong-nohe-zhi-xu-woshu-kihuan-eru,russias-nuclear-threat-and-japans-security-shift,/en/en-rosianohe-wei-xia-tori-ben-noan-bao-zhuan-huan-dui-li-noluo-xuan-gaji-dong-nohe-zhi-xu-woshu-kihuan-eru/,/en/russias-nuclear-threat-and-japans-security-shift/,Russia's Nuclear Threat and Japan's Security Shift —
en-nan-sinahai-hui-se-nochong-tu-mi-zhong-gahu-initui-kenaidui-li-noluo-xuan-gou-zao,south-china-seas-gray-conflict,/en/en-nan-sinahai-hui-se-nochong-tu-mi-zhong-gahu-initui-kenaidui-li-noluo-xuan-gou-zao/,/en/south-china-seas-gray-conflict/,"South China Sea's ""Gray Conflict"" —"
guan-ce-rogu-0025-5-signals-from-munich-2026-u-s-europe-alliance-fractures-are-now-structural,munich-security-conference-2026-five-signals-that-the-western-alliance-fracture,/en/guan-ce-rogu-0025-5-signals-from-munich-2026-u-s-europe-alliance-fractures-are-now-structural/,/en/munich-security-conference-2026-five-signals-that-the-western-alliance-fracture/,Munich Security Conference 2026 — Five Signals That the Western Alliance Fractur
guan-ce-rogu-0024-largest-sewage-spill-in-u-s-history-and-the-federal-government-owns-the-fac,largest-sewage-spill-in-us-history-the-federal-government-owns-the-facility-its,/en/guan-ce-rogu-0024-largest-sewage-spill-in-u-s-history-and-the-federal-government-owns-the-fac/,/en/largest-sewage-spill-in-us-history-the-federal-government-owns-the-facility-its/,Largest Sewage Spill in U.S. History — The Federal Government Owns the Facility 
guan-ce-rogu-0023-russia-fires-400-drones-29-missiles-at-ukraine-hours-before-geneva-talks-t,russia-launched-400-drones-hours-before-geneva-peace-talks-violence-as-a,/en/guan-ce-rogu-0023-russia-fires-400-drones-29-missiles-at-ukraine-hours-before-geneva-talks-t/,/en/russia-launched-400-drones-hours-before-geneva-peace-talks-violence-as-a/,Russia Launched 400 Drones Hours Before Geneva Peace Talks — Violence as a Negot
guan-ce-rogu-0022-sen-kelly-trump-practically-destroyed-nato-in-under-a-year-russia-and-chi,trump-practically-destroyed-nato-in-under-a-year-a-us-senator-said-it-out-loud,/en/guan-ce-rogu-0022-sen-kelly-trump-practically-destroyed-nato-in-under-a-year-russia-and-chi/,/en/trump-practically-destroyed-nato-in-under-a-year-a-us-senator-said-it-out-loud/,"""Trump Practically Destroyed NATO in Under a Year"" — A U.S. Senator Said It Out "
guan-ce-rogu-0021-new-start-expired-no-replacement-trumps-foreign-policy-runs-on-intuition-n,new-start-expired-with-no-replacement-for-the-first-time-since-1972-no-nuclear,/en/guan-ce-rogu-0021-new-start-expired-no-replacement-trumps-foreign-policy-runs-on-intuition-n/,/en/new-start-expired-with-no-replacement-for-the-first-time-since-1972-no-nuclear/,"New START Expired With No Replacement — For the First Time Since 1972, No Nuclea"
guan-ce-rogu-0019-paradigm-bitcoin-miners-are-flexible-grid-demand-not-energy-hogs-lumping-t,bitcoin-miners-are-flexible-grid-assets-not-energy-hogs-paradigms-argument-that,/en/guan-ce-rogu-0019-paradigm-bitcoin-miners-are-flexible-grid-demand-not-energy-hogs-lumping-t/,/en/bitcoin-miners-are-flexible-grid-assets-not-energy-hogs-paradigms-argument-that/,"Bitcoin Miners Are Flexible Grid Assets, Not Energy Hogs — Paradigm's Argument T"
guan-ce-rogu-0018-bundesbank-chief-nagel-publicly-backs-euro-stablecoins-as-a-hedge-against-u-s,bundesbank-president-backs-euro-stablecoins-europe-declares-digital-monetary,/en/guan-ce-rogu-0018-bundesbank-chief-nagel-publicly-backs-euro-stablecoins-as-a-hedge-against-u-s/,/en/bundesbank-president-backs-euro-stablecoins-europe-declares-digital-monetary/,Bundesbank President Backs Euro Stablecoins — Europe Declares Digital Monetary S
guan-ce-rogu-0017-russias-daily-crypto-volume-650m-confirmed-by-its-own-ministry-of-finance,russias-650m-daily-crypto-volume-confirmed-by-its-own-ministry-of-finance,/en/guan-ce-rogu-0017-russias-daily-crypto-volume-650m-confirmed-by-its-own-ministry-of-finance/,/en/russias-650m-daily-crypto-volume-confirmed-by-its-own-ministry-of-finance/,Russia's $650M Daily Crypto Volume Confirmed by Its Own Ministry of Finance — Sa
guan-ce-rogu-0016-colby-says-nato-is-stronger-than-ever-but-his-real-message-is-europe-must,colby-says-nato-is-stronger-than-ever-his-real-message-europe-must-defend,/en/guan-ce-rogu-0016-colby-says-nato-is-stronger-than-ever-but-his-real-message-is-europe-must/,/en/colby-says-nato-is-stronger-than-ever-his-real-message-europe-must-defend/,"Colby Says NATO Is ""Stronger Than Ever"" — His Real Message: Europe Must Defend I"
